Name,Reference,Issue status,Item number,Number,Warehouse,Quantity,Site,,,,
บจก.อินเด็กซ์ อินเตอร์เฟิร์น สาขา มหาชัย,Sales order,On order,1PB01GG160012302450,VSDP16001766,SW-LPA,-910,VNG-S,บจก.อินเด็กซ์ อินเตอร์เฟิร์น สาขา มหาชัย,2017-01-05,2016-12-27,คุณไกรฤกษ์
บริษัท ทรัพย์ลีลา จำกัด,Sales order,On order,3LP216024420610,VSDL17000110,SW-LUA,-65,VNG-S,ส่งก่อนเที่ยง-ไม่เกิน15.30น,2017-01-20,2017-01-18,คุณสุภาพ
บริษัท เอส.พี.เอส.อินเตอร์เทค จำกัด,Sales order,On order,1PB01S4090012302450,VSDP17000722,SW-LPA,"-1,430.00",VNG-S,ส่งเอสพี่เอสโคฯ,2017-02-08,2017-02-08,คุณไกรฤกษ์
บริษัท ทรัพย์ลีลา จำกัด,Sales order,On order,1PB02NG150012302450,VSDP17001204,SW-LPA,"-1,050.00",VNG-S,รับเอง-ใบชั่วคราว,2017-03-01,2017-03-01,คุณวัชรชัย
บริษัท เอช.ที.บอร์ด จำกัด,Sales order,On order,1PB02NG150012302450,VSDP17001205,SW-LPA,"-1,050.00",VNG-S,รับเอง-ใบชั่วคราว,2017-03-01,2017-03-01,คุณวัชรชัย
บจก.อินเด็กซ์ อินเตอร์เฟิร์น สาขา มหาชัย,Sales order,On order,1PB01GG120012302450,VSDP17001221,SW-LPA,-340,VNG-S,บจก.อินเด็กซ์ อินเตอร์เฟิร์น สาขา มหาชัย,2017-03-02,2017-03-01,คุณไกรฤกษ์
หจก.เกรียงไกรค้าไม้,Sales order,On order,4MBP2FS055012302450,VSDS17000216,SW-LMA,"-1,260.00",VNG-S,หจก.เกรียงไกรค้าไม้,2017-03-08,2017-03-03,คุณประดิษฐ์
บริษัท ทรัพย์ลีลา จำกัด,Sales order,On order,1PB02NG150012302450,VSDP17001330,SW-LPA,"-1,050.00",VNG-S,รับเอง-ใบชั่วคราว,2017-03-06,2017-03-06,คุณวัชรชัย
บริษัท รวมเจริญ วู๊ด มาร์เก็ตติ้ง จำกัด,Sales order,On order,1PB02NG180012302450,VSDP17001438,SW-LPA,-900,VNG-S,บริษัท รวมเจริญ วู๊ด มาร์เก็ตติ้ง จำกัด,2017-03-13,2017-03-13,คุณดำรงศักดิ์
บริษัท เอช.ที.บอร์ด จำกัด,Sales order,On order,1PB02NG150012302450,VSDP17001617,SW-LPA,"-1,050.00",VNG-S,นีวู๊ด (สุรินทร์เฟอร์) *ให้ไม้หมอนเลยคิดเงินแล้ว*,2017-03-22,2017-03-20,คุณวัชรชัย
บริษัท ที.เอ็ม.พี.วู้ด จำกัด,Sales order,On order,1PB01GG160012302450,VSDP17001928,SW-LPA,-975,VNG-S,รอเซลส์แจ้งส่ง - ใบชั่วคราว,2017-04-03,2017-04-03,คุณวัชรชัย
บริษัท รวมเจริญ วู๊ด มาร์เก็ตติ้ง จำกัด,Sales order,On order,4MBP2FS090012302450,VSDS17000378,SW-LMA,"-1,540.00",VNG-S,พระประแดง,2017-04-04,2017-04-04,คุณดำรงศักดิ์
บริษัท เอส.บี.อุตสาหกรรมเครื่องเรือน จำกัด,Sales order,On order,1PB01GG190012302450,VSDP17002011,SW-LPA,-660,VNG-S,บางบัวทอง,2017-04-08,2017-04-07,คุณดำรงศักดิ์
บริษัท เอส.บี.อุตสาหกรรมเครื่องเรือน จำกัด,Sales order,On order,1PB01GG180012302450,VSDP17002011,SW-LPA,-120,VNG-S,บางบัวทอง,2017-04-08,2017-04-07,คุณดำรงศักดิ์
บริษัท อีสต์โคสท์เฟอร์นิเทค จำกัด (มหาชน),Sales order,On order,1PB02FS150012301840,VSDP17002024,SW-LPA,"-1,120.00",VNG-S,บริษัท อีสต์โคสท์เฟอร์นิเทค จำกัด (มหาชน),2017-04-08,2017-04-07,คุณไกรฤกษ์
บจก.อินเด็กซ์ อินเตอร์เฟิร์น สาขา มหาชัย,Sales order,On order,1PB01GG190012302450,VSDP17002046,SW-LPA,-715,VNG-S,บจก.อินเด็กซ์ อินเตอร์เฟิร์น สาขา มหาชัย,2017-04-19,2017-04-07,คุณไกรฤกษ์
บริษัท พี.เอช.เค.ซัพพลาย จำกัด,Sales order,On order,1PB02NG150012302450,VSDP17002128,SW-LPA,"-1,050.00",VNG-S,รับเอง พิชัยเฟอร์นิเจอร์ (ใช้ใบชั่วคราวส่ง),2017-04-20,2017-04-20,คุณวัชรชัย
บริษัท พี.เอช.เค.ซัพพลาย จำกัด,Sales order,On order,1PB02NG150012302450,VSDP17002129,SW-LPA,"-1,050.00",VNG-S,รับเอง พิชัยเฟอร์นิเจอร์ (ใช้ใบชั่วคราวส่ง),2017-04-20,2017-04-20,คุณวัชรชัย
บริษัท พี.เอช.เค.ซัพพลาย จำกัด,Sales order,On order,1PPN150200M9200,VSDO17000195,SW-LAA,-140,VNG-S,รับเอง - โฮมฮับ (ทัพไท) - ใบชั่วคราว,2017-04-25,2017-04-25,คุณวัชรชัย
บริษัท พี.เอช.เค.ซัพพลาย จำกัด,Sales order,On order,1PPN150200M5501,VSDO17000195,SW-LAA,-70,VNG-S,รับเอง - โฮมฮับ (ทัพไท) - ใบชั่วคราว,2017-04-25,2017-04-25,คุณวัชรชัย
บริษัท พี.เอช.เค.ซัพพลาย จำกัด,Sales order,On order,1PPN150200M5400,VSDO17000195,SW-LAA,-70,VNG-S,รับเอง - โฮมฮับ (ทัพไท) - ใบชั่วคราว,2017-04-25,2017-04-25,คุณวัชรชัย
บริษัท พี.เอช.เค.ซัพพลาย จำกัด,Sales order,On order,1PB02NG120012302450,VSDP17002230,SW-LPA,-85,VNG-S,รับเอง - โฮมฮับ (ทัพไท) - ใบชั่วคราว,2017-04-25,2017-04-25,คุณวัชรชัย
บริษัท พี.เอช.เค.ซัพพลาย จำกัด,Sales order,On order,1PB02NG150012302450,VSDP17002238,SW-LPA,-70,VNG-S,รับเอง-ดูโฮม (สาขาอุบลฯ),2017-04-26,2017-04-26,คุณวัชรชัย
บริษัท พี.เอช.เค.ซัพพลาย จำกัด,Sales order,On order,1PB02NG120012302450,VSDP17002240,SW-LPA,-170,VNG-S,รับเอง-โฮมฮับ(สาขาอุดรธานี) ใช้ใบชั่วคราว,2017-04-26,2017-04-26,คุณวัชรชัย
บริษัท พี.เอช.เค.ซัพพลาย จำกัด,Sales order,On order,1PB02NG150012302450,VSDP17002240,SW-LPA,-70,VNG-S,รับเอง-โฮมฮับ(สาขาอุดรธานี) ใช้ใบชั่วคราว,2017-04-26,2017-04-26,คุณวัชรชัย
บริษัท พี.เอช.เค.ซัพพลาย จำกัด,Sales order,On order,1PPN150200M9122,VSDO17000200,SW-LAA,-560,VNG-S,รับเอง-โฮมฮับ(สาขาอุดรธานี) ใช้ใบชั่วคราว,2017-04-26,2017-04-26,คุณวัชรชัย
บริษัท พี.เอช.เค.ซัพพลาย จำกัด,Sales order,On order,1PPN150200M5619,VSDO17000201,SW-LAA,-420,VNG-S,รับเอง-โฮมฮับ(สาขาอุดรธานี) ใช้ใบชั่วคราว,2017-04-26,2017-04-26,คุณวัชรชัย
บริษัท พี.เอช.เค.ซัพพลาย จำกัด,Sales order,On order,1PPN150200M5501,VSDO17000201,SW-LAA,-280,VNG-S,รับเอง-โฮมฮับ(สาขาอุดรธานี) ใช้ใบชั่วคราว,2017-04-26,2017-04-26,คุณวัชรชัย
บริษัท พี.เอช.เค.ซัพพลาย จำกัด,Sales order,On order,1PB02NG090012302450,VSDP17002250,SW-LPA,-220,VNG-S,ส่ง ดูโฮม (สังสิตคลอง 7) สาขาอุบลฯ,2017-04-27,2017-04-27,คุณวัชรชัย
บริษัท ที.เอ็ม.พี.วู้ด จำกัด,Sales order,On order,4MBU2FS250012302450,VSDS17000462,SW-LMA,-640,VNG-S,หลี่หยาง - ใบชั่วคราว,2017-05-02,2017-04-28,คุณวัชรชัย
บริษัท เอส.บี.อุตสาหกรรมเครื่องเรือน จำกัด,Sales order,On order,4MBU1S4040012302450,VSDS17000463,SW-LMA,"-1,000.00",VNG-S,บางบัวทอง,2017-05-02,2017-04-28,ดำรงศักดิ์
บริษัท ยู.โอ.ที.เทรดดิ้ง จำกัด,Sales order,On order,4MBP2FS090012302450,VSDS17000464,SW-LMA,-220,VNG-S,บริษัท ยู.โอ.ที.เทรดดิ้ง จำกัด,2017-05-02,2017-04-28,คุณวิรัช
บริษัท ยู.โอ.ที.เทรดดิ้ง จำกัด,Sales order,On order,4MBP2FS090012302450,VSDS17000465,SW-LMA,-110,VNG-S,บริษัท ยู.โอ.ที.เทรดดิ้ง จำกัด,2017-05-02,2017-04-28,คุณวิรัช
บริษัท ทรัพย์ลีลา จำกัด,Sales order,On order,4MBP2FS060012302450,VSDS17000466,SW-LMA,-330,VNG-S,บริษัท ทรัพย์ลีลา จำกัด,2017-05-03,2017-04-28,คุณวิรัช
บริษัท รวมเจริญ วู๊ด มาร์เก็ตติ้ง จำกัด,Sales order,On order,4MBP2FS090012302450,VSDS17000479,SW-LMA,"-1,540.00",VNG-S,บริษัท รวมเจริญ วู๊ด มาร์เก็ตติ้ง จำกัด,2017-05-02,2017-05-02,คุณดำรงศักดิ์
บริษัท รวมเจริญ วู๊ด มาร์เก็ตติ้ง จำกัด,Sales order,On order,4MBP2FS150012302450,VSDS17000480,SW-LMA,-952,VNG-S,บริษัท รวมเจริญ วู๊ด มาร์เก็ตติ้ง จำกัด,2017-05-02,2017-05-02,คุณดำรงศักดิ์
บริษัท รวมเจริญ วู๊ด มาร์เก็ตติ้ง จำกัด,Sales order,On order,4MBP2FS150012302450,VSDS17000481,SW-LMA,-952,VNG-S,บริษัท รวมเจริญ วู๊ด มาร์เก็ตติ้ง จำกัด,2017-05-02,2017-05-02,คุณดำรงศักดิ์
บริษัท รวมเจริญ วู๊ด มาร์เก็ตติ้ง จำกัด,Sales order,On order,1PB02NG180012302450,VSDP17002307,SW-LPA,-900,VNG-S,บัวทองศิริทรัพย์,2017-05-02,2017-05-02,คุณดำรงศักดิ์
บริษัท รวมเจริญ วู๊ด มาร์เก็ตติ้ง จำกัด,Sales order,On order,1PB02NG180012302450,VSDP17002308,SW-LPA,-900,VNG-S,บัวทองศิริทรัพย์,2017-05-02,2017-05-02,คุณดำรงศักดิ์
บริษัท รวมเจริญ วู๊ด มาร์เก็ตติ้ง จำกัด,Sales order,On order,1PB02NG180012302450,VSDP17002309,SW-LPA,-900,VNG-S,บัวทองศิริทรัพย์,2017-05-02,2017-05-02,คุณดำรงศักดิ์
บริษัท รวมเจริญ วู๊ด มาร์เก็ตติ้ง จำกัด,Sales order,On order,1PB02NG180012302450,VSDP17002310,SW-LPA,-900,VNG-S,บัวทองศิริทรัพย์,2017-05-02,2017-05-02,คุณดำรงศักดิ์
บริษัท พี.เอช.เค.ซัพพลาย จำกัด,Sales order,On order,1PB02NG090012302450,VSDP17002324,SW-LPA,"-1,650.00",VNG-S,ส่ง ส.บุรพาหีบศพ (อุพรธานี) **วันที่ส่งรอเซลส์แจ้ง**,2017-05-02,2017-05-02,คุณวัชรชัย
บริษัท พี.เอช.เค.ซัพพลาย จำกัด,Sales order,On order,1PB02NG090012302450,VSDP17002332,SW-LPA,-626,VNG-S,รับเอง - ขึ้นรถคอก -ใบชั่วคราว,2017-05-02,2017-05-02,คุณวัชรชัย
บริษัท ย่งพงษ์เส็งรังสิต จำกัด,Sales order,On order,4MBP2FS090012302450,VSDS17000484,SW-LMA,-110,VNG-S,พร้อม PB,2017-05-06,2017-05-03,คุณประดิษฐ์
บริษัท พี.เอช.เค.ซัพพลาย จำกัด,Sales order,On order,1PB02GG250012302450,VSDP17002336,SW-LPA,-84,VNG-S,รับเอง พิชัยเฟอร์นิเจอร์ (ใช้ใบชั่วคราวส่ง),2017-05-03,2017-05-03,คุณวัชรชัย
บริษัท อีสต์โคสท์เฟอร์นิเทค จำกัด (มหาชน),Sales order,On order,1PB01GG180012301980,VSDP17002338,SW-LPA,-120,VNG-S,บริษัท อีสต์โคสท์เฟอร์นิเทค จำกัด (มหาชน),2017-05-03,2017-05-03,คุณไกรฤกษ์
บริษัท ย่งพงษ์เส็งรังสิต จำกัด,Sales order,On order,1PB02GG250012302450,VSDP17002348,SW-LPA,-8,VNG-S,พร้อม MDF,2017-05-06,2017-05-03,คุณประดิษฐ์
บริษัท ที.เอ็ม.พี.วู้ด จำกัด,Sales order,On order,4MBP2FS150012302450,VSDS17000486,SW-LMA,-136,VNG-S,ส่ง ลี่หยาง **รอเซลส์แจ้งวันส่ง**,2017-05-03,2017-05-03,คุณวัชรชัย
บริษัท ที.เอ็ม.พี.วู้ด จำกัด,Sales order,On order,4MBP2FS150012302450,VSDS17000487,SW-LMA,-136,VNG-S,ส่ง ลี่หยาง **รอเซลส์แจ้งวันส่ง**,2017-05-03,2017-05-03,คุณวัชรชัย
บริษัท พี.เอช.เค.ซัพพลาย จำกัด,Sales order,On order,4MBP2FS150012302450,VSDS17000488,SW-LMA,-68,VNG-S,ร้านสมใจเฟอร์นิเจอร์(มหาสารคาม)-ใบชั่วคราว,2017-05-05,2017-05-04,คุณวัชรชัย
บจก.อินเด็กซ์ อินเตอร์เฟิร์น สาขา มหาชัย,Sales order,On order,1PB01GG160012302450,VSDP17002368,SW-LPA,-390,VNG-S,บจก.อินเด็กซ์ อินเตอร์เฟิร์น สาขา มหาชัย,2017-05-05,2017-05-05,คุณไกรฤกษ์
บจก.อินเด็กซ์ อินเตอร์เฟิร์น สาขา มหาชัย,Sales order,On order,1PB01GG090012302450,VSDP17002369,SW-LPA,-7,VNG-S,บจก.อินเด็กซ์ อินเตอร์เฟิร์น สาขา มหาชัย,2017-05-05,2017-05-05,คุณไกรฤกษ์
ห้างหุ้นส่วนจำกัด ทีเอ็นเค วู้ด,Sales order,On order,1PB02NG090012302450,VSDP17002385,SW-LPA,-110,VNG-S,โกดังสยามวู๊ด,2017-05-05,2017-05-05,คุณวิรัช
บริษัท ลานนาไม้อัดไทย จำกัด,Sales order,On order,4MBP2FS055012302450,VSDS17000492,SW-LMA,-360,VNG-S,โกดัง 2,2017-05-06,2017-05-05,คุณดำรงศักดิ์
บริษัท รวมเจริญ วู๊ด มาร์เก็ตติ้ง จำกัด,Sales order,On order,1PB02NG150012302450,VSDP17002402,SW-LPA,-140,VNG-S,เมโทรพูนทรัพย์ (ไทรน้อย)-ใบชั่วคราว,2017-05-09,2017-05-08,คุณดำรงศักดิ์
บริษัท รวมเจริญ วู๊ด มาร์เก็ตติ้ง จำกัด,Sales order,On order,1PB02NG150012302450,VSDP17002403,SW-LPA,-140,VNG-S,เมโทรพูนทรัพย์ (ไทรน้อย)-ใบชั่วคราว,2017-05-09,2017-05-08,คุณดำรงศักดิ์
บริษัท รวมเจริญ วู๊ด มาร์เก็ตติ้ง จำกัด,Sales order,On order,1PB02NG150012302450,VSDP17002404,SW-LPA,-140,VNG-S,เมโทรพูนทรัพย์ (ไทรน้อย)-ใบชั่วคราว,2017-05-09,2017-05-08,คุณดำรงศักดิ์
บริษัท รวมเจริญ วู๊ด มาร์เก็ตติ้ง จำกัด,Sales order,On order,1PB02NG150012302450,VSDP17002405,SW-LPA,-140,VNG-S,เมโทรพูนทรัพย์ (ไทรน้อย)-ใบชั่วคราว,2017-05-11,2017-05-08,คุณดำรงศักดิ์
บริษัท รวมเจริญ วู๊ด มาร์เก็ตติ้ง จำกัด,Sales order,On order,1PB02NG150012302450,VSDP17002406,SW-LPA,-70,VNG-S,เมโทรพูนทรัพย์ (ไทรน้อย)-ใบชั่วคราว,2017-05-11,2017-05-08,คุณดำรงศักดิ์
บริษัท รวมเจริญ วู๊ด มาร์เก็ตติ้ง จำกัด,Sales order,On order,1PB02NG150012302450,VSDP17002407,SW-LPA,-70,VNG-S,เมโทรพูนทรัพย์ (ไทรน้อย)-ใบชั่วคราว,2017-05-11,2017-05-08,คุณดำรงศักดิ์
บริษัท รวมเจริญ วู๊ด มาร์เก็ตติ้ง จำกัด,Sales order,On order,1PB02NG150012302450,VSDP17002408,SW-LPA,-70,VNG-S,สุพรรณคลอง 14-ใบชั่วคราว,2017-05-09,2017-05-08,คุณดำรงศักดิ์
บริษัท รวมเจริญ วู๊ด มาร์เก็ตติ้ง จำกัด,Sales order,On order,1PB02NG150012302450,VSDP17002409,SW-LPA,-70,VNG-S,สุพรรณคลอง 14-ใบชั่วคราว,2017-05-09,2017-05-08,คุณดำรงศักดิ์
บริษัท รวมเจริญ วู๊ด มาร์เก็ตติ้ง จำกัด,Sales order,On order,1PB02NG150012302450,VSDP17002410,SW-LPA,-140,VNG-S,สุพรรณคลอง 14-ใบชั่วคราว,2017-05-11,2017-05-08,คุณดำรงศักดิ์
บริษัท อีสต์โคสท์เฟอร์นิเทค จำกัด (มหาชน),Sales order,On order,1PB01GG150012301840,VSDP17002419,SW-LPA,-76,VNG-S,บริษัท อีสต์โคสท์เฟอร์นิเทค จำกัด (มหาชน),2017-05-08,2017-05-08,คุณไกรฤกษ์
บริษัท อีสต์โคสท์เฟอร์นิเทค จำกัด (มหาชน),Sales order,On order,1PB02FS150012301840,VSDP17002420,SW-LPA,-210,VNG-S,บริษัท อีสต์โคสท์เฟอร์นิเทค จำกัด (มหาชน),2017-05-08,2017-05-08,คุณไกรฤกษ์
บริษัท รวมเจริญ วู๊ด มาร์เก็ตติ้ง จำกัด,Sales order,On order,1PB02NG120012302450,VSDP17002424,SW-LPA,"-1,275.00",VNG-S,ส่งพร้อมราคา 195.-,2017-05-08,2017-05-08,คุณดำรงศักดิ์
บริษัท รวมเจริญ วู๊ด มาร์เก็ตติ้ง จำกัด,Sales order,On order,1PB02NG120012302450,VSDP17002425,SW-LPA,"-1,275.00",VNG-S,ส่งพร้อมราคา 195.-,2017-05-08,2017-05-08,คุณดำรงศักดิ์
บริษัท รวมเจริญ วู๊ด มาร์เก็ตติ้ง จำกัด,Sales order,On order,1PB02NG120012302450,VSDP17002426,SW-LPA,"-1,275.00",VNG-S,ส่งพร้อมราคา 195.-,2017-05-08,2017-05-08,คุณดำรงศักดิ์
บริษัท รวมเจริญ วู๊ด มาร์เก็ตติ้ง จำกัด,Sales order,On order,1PB02NG120012302450,VSDP17002428,SW-LPA,-255,VNG-S,ส่งพร้อมราคา 175.-,2017-05-08,2017-05-08,คุณดำรงศักดิ์
บริษัท รวมเจริญ วู๊ด มาร์เก็ตติ้ง จำกัด,Sales order,On order,1PB02NG120012302450,VSDP17002429,SW-LPA,"-1,275.00",VNG-S,ส่งพร้อมราคา 175.-,2017-05-08,2017-05-08,คุณดำรงศักดิ์
บริษัท รวมเจริญ วู๊ด มาร์เก็ตติ้ง จำกัด,Sales order,On order,1PB02NG090012302450,VSDP17002430,SW-LPA,"-1,540.00",VNG-S,ส่งพร้อมราคา 155.-,2017-05-08,2017-05-08,คุณดำรงศักดิ์
บริษัท รวมเจริญ วู๊ด มาร์เก็ตติ้ง จำกัด,Sales order,On order,1PB02NG090012302450,VSDP17002431,SW-LPA,-110,VNG-S,ส่งพร้อมราคา 140.-,2017-05-08,2017-05-08,คุณดำรงศักดิ์
บริษัท ลานนาไม้อัดไทย จำกัด,Sales order,On order,4MBP2FS060012302450,VSDS17000500,SW-LMA,-330,VNG-S,โกดัง 2,2017-05-08,2017-05-08,คุณดำรงศักดิ์
บริษัท แนวหน้าค้าไม้ จำกัด,Sales order,On order,4MBP2FS150012302450,VSDS17000501,SW-LMA,-68,VNG-S,ส่งพร้อมเมลามีน(เช้ามืด),2017-05-12,2017-05-09,คุณประดิษฐ์
บริษัท อาร์ เอ็ม ซี เมทัลวู๊ด จำกัด,Sales order,On order,1PB02NG150012302450,VSDP17002436,SW-LPA,-140,VNG-S,บริษัท อาร์ เอ็ม ซี เมทัลวู๊ด จำกัด,2017-05-10,2017-05-09,คุณประดิษฐ์
บริษัท อาร์ เอ็ม ซี เมทัลวู๊ด จำกัด,Sales order,On order,1PB02NG150012302450,VSDP17002437,SW-LPA,-140,VNG-S,บริษัท อาร์ เอ็ม ซี เมทัลวู๊ด จำกัด,2017-05-10,2017-05-09,คุณประดิษฐ์
บริษัท อาร์ เอ็ม ซี เมทัลวู๊ด จำกัด,Sales order,On order,1PB02NG150012302450,VSDP17002439,SW-LPA,-140,VNG-S,บริษัท อาร์ เอ็ม ซี เมทัลวู๊ด จำกัด,2017-05-10,2017-05-09,คุณประดิษฐ์
บริษัท อาร์ เอ็ม ซี เมทัลวู๊ด จำกัด,Sales order,On order,1PB02NG150012302450,VSDP17002440,SW-LPA,-140,VNG-S,บริษัท อาร์ เอ็ม ซี เมทัลวู๊ด จำกัด,2017-05-10,2017-05-09,คุณประดิษฐ์
บริษัท เมเจอร์ แปลน จำกัด,Sales order,On order,1PB02NG150012302450,VSDP17002442,SW-LPA,-140,VNG-S,ส่ง T & T - ท่าข้าม ใบชั่วคราว,2017-05-10,2017-05-09,คุณวิรัช
บริษัท เมเจอร์ แปลน จำกัด,Sales order,On order,1PB02NG150012302450,VSDP17002443,SW-LPA,-140,VNG-S,ฟอร์จูน-ใบชั่วคราว,2017-05-11,2017-05-09,คุณวิรัช
ห้างหุ้นส่วนจำกัด ทีเอ็นเค วู้ด,Sales order,On order,1PB02NG150012302450,VSDP17002445,SW-LPA,-70,VNG-S,ส่งดรีม - ใบชั่วคราวตรงวันนะ,2017-05-15,2017-05-09,คุณวิรัช
ห้างหุ้นส่วนจำกัด ทีเอ็นเค วู้ด,Sales order,On order,1PB02NG150012302450,VSDP17002446,SW-LPA,-70,VNG-S,ส่งดรีม - ใบชั่วคราวตรงวันนะ,2017-05-18,2017-05-09,คุณวิรัช
ห้างหุ้นส่วนจำกัด ทีเอ็นเค วู้ด,Sales order,On order,1PB02NG150012302450,VSDP17002448,SW-LPA,-70,VNG-S,ฟอร์จูน - ใบชั่วคราว,2017-05-17,2017-05-09,คุณวิรัช
ห้างหุ้นส่วนจำกัด ทีเอ็นเค วู้ด,Sales order,On order,1PB02NG150012302450,VSDP17002449,SW-LPA,-140,VNG-S,โกดังสยามวู๊ด,2017-05-11,2017-05-09,คุณวิรัช
ห้างหุ้นส่วนจำกัด ทีเอ็นเค วู้ด,Sales order,On order,1PB02NG150012302450,VSDP17002450,SW-LPA,-70,VNG-S,โกดังสยามวู๊ด,2017-05-12,2017-05-09,คุณวิรัช
บริษัท รวมเจริญ วู๊ด มาร์เก็ตติ้ง จำกัด,Sales order,On order,1PB02NG150012302450,VSDP17002451,SW-LPA,-70,VNG-S,บริษัท รวมเจริญ วู๊ด มาร์เก็ตติ้ง จำกัด,2017-05-09,2017-05-09,คุณดำรงศักดิ์
บริษัท รวมเจริญ วู๊ด มาร์เก็ตติ้ง จำกัด,Sales order,On order,1PB02NG150012302450,VSDP17002452,SW-LPA,-70,VNG-S,บริษัท รวมเจริญ วู๊ด มาร์เก็ตติ้ง จำกัด,2017-05-09,2017-05-09,คุณดำรงศักดิ์
บริษัท รวมเจริญ วู๊ด มาร์เก็ตติ้ง จำกัด,Sales order,On order,1PB02NG150012302450,VSDP17002453,SW-LPA,-70,VNG-S,บริษัท รวมเจริญ วู๊ด มาร์เก็ตติ้ง จำกัด,2017-05-09,2017-05-09,คุณดำรงศักดิ์
บริษัท รวมเจริญ วู๊ด มาร์เก็ตติ้ง จำกัด,Sales order,On order,1PB02NG150012302450,VSDP17002454,SW-LPA,-70,VNG-S,บริษัท รวมเจริญ วู๊ด มาร์เก็ตติ้ง จำกัด,2017-05-09,2017-05-09,คุณดำรงศักดิ์
บริษัท รวมเจริญ วู๊ด มาร์เก็ตติ้ง จำกัด,Sales order,On order,1PB02NG150012302450,VSDP17002456,SW-LPA,-70,VNG-S,บริษัท รวมเจริญ วู๊ด มาร์เก็ตติ้ง จำกัด,2017-05-09,2017-05-09,คุณดำรงศักดิ์
บริษัท รวมเจริญ วู๊ด มาร์เก็ตติ้ง จำกัด,Sales order,On order,1PB02NG150012302450,VSDP17002457,SW-LPA,-70,VNG-S,บริษัท รวมเจริญ วู๊ด มาร์เก็ตติ้ง จำกัด,2017-05-09,2017-05-09,คุณดำรงศักดิ์
บริษัท รวมเจริญ วู๊ด มาร์เก็ตติ้ง จำกัด,Sales order,On order,1PB02NG150012302450,VSDP17002460,SW-LPA,-140,VNG-S,บริษัท รวมเจริญ วู๊ด มาร์เก็ตติ้ง จำกัด,2017-05-09,2017-05-09,คุณดำรงศักดิ์
บริษัท รวมเจริญ วู๊ด มาร์เก็ตติ้ง จำกัด,Sales order,On order,1PB02NG150012302450,VSDP17002461,SW-LPA,-140,VNG-S,บริษัท รวมเจริญ วู๊ด มาร์เก็ตติ้ง จำกัด,2017-05-09,2017-05-09,คุณดำรงศักดิ์
บริษัท รวมเจริญ วู๊ด มาร์เก็ตติ้ง จำกัด,Sales order,On order,1PB02NG150012302450,VSDP17002462,SW-LPA,-140,VNG-S,บริษัท รวมเจริญ วู๊ด มาร์เก็ตติ้ง จำกัด,2017-05-09,2017-05-09,คุณดำรงศักดิ์
บริษัท รวมเจริญ วู๊ด มาร์เก็ตติ้ง จำกัด,Sales order,On order,1PB02NG150012302450,VSDP17002463,SW-LPA,-70,VNG-S,บริษัท รวมเจริญ วู๊ด มาร์เก็ตติ้ง จำกัด,2017-05-09,2017-05-09,คุณดำรงศักดิ์
บริษัท รวมเจริญ วู๊ด มาร์เก็ตติ้ง จำกัด,Sales order,On order,1PB02NG150012302450,VSDP17002464,SW-LPA,-70,VNG-S,บริษัท รวมเจริญ วู๊ด มาร์เก็ตติ้ง จำกัด,2017-05-09,2017-05-09,คุณดำรงศักดิ์
บริษัท รวมเจริญ วู๊ด มาร์เก็ตติ้ง จำกัด,Sales order,On order,1PB02NG150012302450,VSDP17002465,SW-LPA,-70,VNG-S,บริษัท รวมเจริญ วู๊ด มาร์เก็ตติ้ง จำกัด,2017-05-09,2017-05-09,คุณดำรงศักดิ์
บริษัท รวมเจริญ วู๊ด มาร์เก็ตติ้ง จำกัด,Sales order,On order,1PB02NG150012302450,VSDP17002466,SW-LPA,-70,VNG-S,บริษัท รวมเจริญ วู๊ด มาร์เก็ตติ้ง จำกัด,2017-05-09,2017-05-09,
บริษัท รวมเจริญ วู๊ด มาร์เก็ตติ้ง จำกัด,Sales order,On order,1PB02NG150012302450,VSDP17002467,SW-LPA,-70,VNG-S,บริษัท รวมเจริญ วู๊ด มาร์เก็ตติ้ง จำกัด,2017-05-09,2017-05-09,คุณดำรงศักดิ์
บริษัท รวมเจริญ วู๊ด มาร์เก็ตติ้ง จำกัด,Sales order,On order,1PB02NG150012302450,VSDP17002468,SW-LPA,-70,VNG-S,บริษัท รวมเจริญ วู๊ด มาร์เก็ตติ้ง จำกัด,2017-05-09,2017-05-09,คุณดำรงศักดิ์
บริษัท รวมเจริญ วู๊ด มาร์เก็ตติ้ง จำกัด,Sales order,On order,1PB02NG150012302450,VSDP17002469,SW-LPA,-70,VNG-S,บริษัท รวมเจริญ วู๊ด มาร์เก็ตติ้ง จำกัด,2017-05-09,2017-05-09,คุณดำรงศักดิ์
บริษัท รวมเจริญ วู๊ด มาร์เก็ตติ้ง จำกัด,Sales order,On order,1PB02NG150012302450,VSDP17002473,SW-LPA,"-1,050.00",VNG-S,บริษัท รวมเจริญ วู๊ด มาร์เก็ตติ้ง จำกัด,2017-05-09,2017-05-09,คุณดำรงศักดิ์
บริษัท รวมเจริญ วู๊ด มาร์เก็ตติ้ง จำกัด,Sales order,On order,1PB02NG150012302450,VSDP17002474,SW-LPA,"-1,050.00",VNG-S,บริษัท รวมเจริญ วู๊ด มาร์เก็ตติ้ง จำกัด,2017-05-09,2017-05-09,คุณดำรงศักดิ์
บริษัท รวมเจริญ วู๊ด มาร์เก็ตติ้ง จำกัด,Sales order,On order,1PB02NG150012302450,VSDP17002475,SW-LPA,"-1,050.00",VNG-S,บริษัท รวมเจริญ วู๊ด มาร์เก็ตติ้ง จำกัด,2017-05-09,2017-05-09,คุณดำรงศักดิ์
บริษัท สถาพร ลามิเนชั่น จำกัด,Sales order,On order,1PB02NG150012302450,VSDP17002476,SW-LPA,-140,VNG-S,บริษัท สถาพร ลามิเนชั่น จำกัด,2017-05-11,2017-05-09,คุณวิรัช
บริษัท สถาพร ลามิเนชั่น จำกัด,Sales order,On order,1PB02NG150012302450,VSDP17002477,SW-LPA,-70,VNG-S,บริษัท สถาพร ลามิเนชั่น จำกัด,2017-05-11,2017-05-09,คุณวิรัช
บริษัท สถาพร ลามิเนชั่น จำกัด,Sales order,On order,1PB02NG150012302450,VSDP17002478,SW-LPA,-70,VNG-S,บริษัท สถาพร ลามิเนชั่น จำกัด,2017-05-12,2017-05-09,คุณวิรัช
บริษัท นีสเทิร์น อินดัสทรี่ จำกัด,Sales order,On order,1PB02NG150012302450,VSDP17002480,SW-LPA,-280,VNG-S,โคราช,2017-05-12,2017-05-09,คุณวิรัช
ภูพนาค้าไม้,Sales order,On order,1PB02NG150012302450,VSDP17002483,SW-LPA,-70,VNG-S,เมโทรพูลทรัพย์-ไทรน้อย,2017-05-12,2017-05-09,คุณประดิษฐ์
ภูพนาค้าไม้,Sales order,On order,1PB02NG150012302450,VSDP17002484,SW-LPA,-140,VNG-S,เมโทรพูลทรัพย์-ไทรน้อย,2017-05-12,2017-05-09,คุณประดิษฐ์
ภูพนาค้าไม้,Sales order,On order,1PB02NG150012302450,VSDP17002485,SW-LPA,-70,VNG-S,เมโทรพูลทรัพย์-ไทรน้อย,2017-05-13,2017-05-09,คุณประดิษฐ์
ห้างหุ้นส่วนจำกัด ทีเอ็นเค วู้ด,Sales order,On order,4MBP2FS190012302450,VSDS17000502,SW-LMA,-52,VNG-S,M.K - ใบชั่วคราว,2017-05-11,2017-05-09,คุณวิรัช
ห้างหุ้นส่วนจำกัด ทีเอ็นเค วู้ด,Sales order,On order,4MBP2FS190012302450,VSDS17000503,SW-LMA,-52,VNG-S,M.K - ใบชั่วคราว,2017-05-12,2017-05-09,คุณวิรัช
ห้างหุ้นส่วนจำกัด ทีเอ็นเค วู้ด,Sales order,On order,4MBP2FS190012302450,VSDS17000504,SW-LMA,-52,VNG-S,M.K - ใบชั่วคราว,2017-05-13,2017-05-09,คุณวิรัช
ห้างหุ้นส่วนจำกัด ทีเอ็นเค วู้ด,Sales order,On order,4MBP2FS160012302450,VSDS17000505,SW-LMA,-124,VNG-S,M.K - ใบชั่วคราว,2017-05-11,2017-05-09,คุณวิรัช
ห้างหุ้นส่วนจำกัด ทีเอ็นเค วู้ด,Sales order,On order,4MBP2FS160012302450,VSDS17000506,SW-LMA,-124,VNG-S,M.K - ใบชั่วคราว,2017-05-12,2017-05-09,คุณวิรัช
ห้างหุ้นส่วนจำกัด ทีเอ็นเค วู้ด,Sales order,On order,4MBP2FS160012302450,VSDS17000507,SW-LMA,-62,VNG-S,M.K - ใบชั่วคราว,2017-05-16,2017-05-09,คุณวิรัช
ห้างหุ้นส่วนจำกัด ทีเอ็นเค วู้ด,Sales order,On order,4MBP2FS160012302450,VSDS17000508,SW-LMA,-62,VNG-S,M.K - ใบชั่วคราว,2017-05-17,2017-05-09,คุณวิรัช
บริษัท เอส.บี.อุตสาหกรรมเครื่องเรือน จำกัด,Sales order,On order,1PB01GG150012302450,VSDP17002498,SW-LPA,-140,VNG-S,บางบัวทอง,2017-05-25,2017-05-09,คุณดำรงศักดิ์
ห้างหุ้นส่วนจำกัด ทีเอ็นเค วู้ด,Sales order,On order,1PB02NG180012302450,VSDP17002503,SW-LPA,-60,VNG-S,โกดังสยามวู๊ด,2017-05-12,2017-05-11,คุณวิรัช
ห้างหุ้นส่วนจำกัด ทีเอ็นเค วู้ด,Sales order,On order,1PB02NG180012302450,VSDP17002504,SW-LPA,-60,VNG-S,โกดังสยามวู๊ด,2017-05-13,2017-05-11,คุณวิรัช
บริษัท รวมเจริญ วู๊ด มาร์เก็ตติ้ง จำกัด,Sales order,On order,4MBP2FS120012302450,VSDS17000511,SW-LMA,"-1,176.00",VNG-S,พระประแดง,2017-05-11,2017-05-11,คุณดำรงศักดิ์
บริษัท รวมเจริญ วู๊ด มาร์เก็ตติ้ง จำกัด,Sales order,On order,4MBP2FS150012302450,VSDS17000512,SW-LMA,-952,VNG-S,พระประแดง,2017-05-11,2017-05-11,คุณดำรงศักดิ์
บริษัท รวมเจริญ วู๊ด มาร์เก็ตติ้ง จำกัด,Sales order,On order,4MBP2FS150012302450,VSDS17000516,SW-LMA,-952,VNG-S,พระประแดง,2017-05-11,2017-05-11,คุณดำรงศักดิ์
บริษัท อีสต์โคสท์เฟอร์นิเทค จำกัด (มหาชน),Sales order,On order,1PB01S4120012301840,VSDP17002511,SW-LPA,"-1,020.00",VNG-S,บริษัท อีสต์โคสท์เฟอร์นิเทค จำกัด (มหาชน),2017-05-12,2017-05-11,คุณไกรฤกษ์
บริษัท อีสต์โคสท์เฟอร์นิเทค จำกัด (มหาชน),Sales order,On order,1PB01S4120012301840,VSDP17002512,SW-LPA,"-1,360.00",VNG-S,บริษัท อีสต์โคสท์เฟอร์นิเทค จำกัด (มหาชน),2017-05-12,2017-05-11,คุณไกรฤกษ์
บริษัท แกรนด์ดิส จำกัด,Sales order,On order,1PB02NG150012302450,VSDP17002520,SW-LPA,-180,VNG-S,บริษัท แกรนด์ดิส จำกัด,2017-05-13,2017-05-11,คุณวิรัช
บจก.อินเด็กซ์ อินเตอร์เฟิร์น สาขา มหาชัย,Sales order,On order,1PB01GG250012302150,VSDP17002524,SW-LPA,-84,VNG-S,บจก.อินเด็กซ์ อินเตอร์เฟิร์น สาขา มหาชัย,2017-05-12,2017-05-11,คุณไกรฤกษ์
บจก.อินเด็กซ์ อินเตอร์เฟิร์น สาขา มหาชัย,Sales order,On order,1PB01GG190012302150,VSDP17002531,SW-LPA,-55,VNG-S,บจก.อินเด็กซ์ อินเตอร์เฟิร์น สาขา มหาชัย,2017-05-16,2017-05-11,คุณไกรฤกษ์
บริษัท อาร์ เอ็ม ซี เมทัลวู๊ด จำกัด,Sales order,On order,1PB02NG150012302450,VSDP17002535,SW-LPA,-140,VNG-S,บริษัท อาร์ เอ็ม ซี เมทัลวู๊ด จำกัด,2017-05-13,2017-05-12,คุณประดิษฐ์
บริษัท อาร์ เอ็ม ซี เมทัลวู๊ด จำกัด,Sales order,On order,1PB02NG150012302450,VSDP17002536,SW-LPA,-140,VNG-S,บริษัท อาร์ เอ็ม ซี เมทัลวู๊ด จำกัด,2017-05-13,2017-05-12,คุณประดิษฐ์
บริษัท อาร์ เอ็ม ซี เมทัลวู๊ด จำกัด,Sales order,On order,1PB02NG150012302450,VSDP17002537,SW-LPA,-140,VNG-S,บริษัท อาร์ เอ็ม ซี เมทัลวู๊ด จำกัด,2017-05-15,2017-05-12,คุณประดิษฐ์
บริษัท อาร์ เอ็ม ซี เมทัลวู๊ด จำกัด,Sales order,On order,1PB02NG150012302450,VSDP17002538,SW-LPA,-140,VNG-S,บริษัท อาร์ เอ็ม ซี เมทัลวู๊ด จำกัด,2017-05-15,2017-05-12,คุณประดิษฐ์
บริษัท อาร์ เอ็ม ซี เมทัลวู๊ด จำกัด,Sales order,On order,1PB02NG150012302450,VSDP17002539,SW-LPA,-140,VNG-S,บริษัท อาร์ เอ็ม ซี เมทัลวู๊ด จำกัด,2017-05-15,2017-05-12,คุณประดิษฐ์
บริษัท อาร์ เอ็ม ซี เมทัลวู๊ด จำกัด,Sales order,On order,1PB02NG150012302450,VSDP17002540,SW-LPA,-140,VNG-S,บริษัท อาร์ เอ็ม ซี เมทัลวู๊ด จำกัด,2017-05-15,2017-05-12,คุณประดิษฐ์
บริษัท อาร์ เอ็ม ซี เมทัลวู๊ด จำกัด,Sales order,On order,1PB02NG150012302450,VSDP17002545,SW-LPA,-70,VNG-S,บริษัท อาร์ เอ็ม ซี เมทัลวู๊ด จำกัด,2017-05-16,2017-05-12,คุณประดิษฐ์
บริษัท อาร์ เอ็ม ซี เมทัลวู๊ด จำกัด,Sales order,On order,1PB02NG150012302450,VSDP17002546,SW-LPA,-140,VNG-S,บริษัท อาร์ เอ็ม ซี เมทัลวู๊ด จำกัด,2017-05-16,2017-05-12,คุณประดิษฐ์
บริษัท อาร์ เอ็ม ซี เมทัลวู๊ด จำกัด,Sales order,On order,1PB02NG150012302450,VSDP17002547,SW-LPA,-140,VNG-S,บริษัท อาร์ เอ็ม ซี เมทัลวู๊ด จำกัด,2017-05-17,2017-05-12,คุณประดิษฐ์
บริษัท อาร์ เอ็ม ซี เมทัลวู๊ด จำกัด,Sales order,On order,1PB02NG150012302450,VSDP17002548,SW-LPA,-140,VNG-S,บริษัท อาร์ เอ็ม ซี เมทัลวู๊ด จำกัด,2017-05-17,2017-05-12,คุณประดิษฐ์
บริษัท อาร์ เอ็ม ซี เมทัลวู๊ด จำกัด,Sales order,On order,1PB02NG150012302450,VSDP17002549,SW-LPA,-140,VNG-S,บริษัท อาร์ เอ็ม ซี เมทัลวู๊ด จำกัด,2017-05-17,2017-05-12,คุณประดิษฐ์
บริษัท อาร์ เอ็ม ซี เมทัลวู๊ด จำกัด,Sales order,On order,1PB02NG150012302450,VSDP17002550,SW-LPA,-70,VNG-S,บริษัท อาร์ เอ็ม ซี เมทัลวู๊ด จำกัด,2017-05-17,2017-05-12,คุณประดิษฐ์
บริษัท อาร์ เอ็ม ซี เมทัลวู๊ด จำกัด,Sales order,On order,1PB02NG150012302450,VSDP17002551,SW-LPA,-140,VNG-S,บริษัท อาร์ เอ็ม ซี เมทัลวู๊ด จำกัด,2017-05-17,2017-05-12,คุณประดิษฐ์
บริษัท อาร์ เอ็ม ซี เมทัลวู๊ด จำกัด,Sales order,On order,1PB02NG150012302450,VSDP17002552,SW-LPA,-140,VNG-S,บริษัท อาร์ เอ็ม ซี เมทัลวู๊ด จำกัด,2017-05-18,2017-05-12,คุณประดิษฐ์
บริษัท อาร์ เอ็ม ซี เมทัลวู๊ด จำกัด,Sales order,On order,1PB02NG150012302450,VSDP17002553,SW-LPA,-140,VNG-S,บริษัท อาร์ เอ็ม ซี เมทัลวู๊ด จำกัด,2017-05-18,2017-05-12,คุณประดิษฐ์
บริษัท อาร์ เอ็ม ซี เมทัลวู๊ด จำกัด,Sales order,On order,1PB02NG150012302450,VSDP17002554,SW-LPA,-140,VNG-S,บริษัท อาร์ เอ็ม ซี เมทัลวู๊ด จำกัด,2017-05-18,2017-05-12,คุณประดิษฐ์
บริษัท อาร์ เอ็ม ซี เมทัลวู๊ด จำกัด,Sales order,On order,1PB02NG150012302450,VSDP17002555,SW-LPA,-70,VNG-S,บริษัท อาร์ เอ็ม ซี เมทัลวู๊ด จำกัด,2017-05-18,2017-05-12,คุณประดิษฐ์
ห้างหุ้นส่วนจำกัด ทีเอ็นเค วู้ด,Sales order,On order,1PB02NG120012302450,VSDP17002556,SW-LPA,-85,VNG-S,โกดังสยามวู๊ด,2017-05-13,2017-05-12,คุณวิรัช
ห้างหุ้นส่วนจำกัด ทีเอ็นเค วู้ด,Sales order,On order,1PB02NG120012302450,VSDP17002557,SW-LPA,-174,VNG-S,โกดังสยามวู๊ด,2017-05-13,2017-05-12,คุณวิรัช
บริษัท เมเจอร์ แปลน จำกัด,Sales order,On order,1PB02NG150012302450,VSDP17002570,SW-LPA,"-1,050.00",VNG-S,ปณชัย-ใบชั่วคราว,2017-05-20,2017-05-12,คุณวิรัช
บริษัท เมเจอร์ แปลน จำกัด,Sales order,On order,1PB02NG150012302450,VSDP17002571,SW-LPA,"-1,050.00",VNG-S,ปณชัย-ใบชั่วคราว,2017-05-24,2017-05-12,คุณวิรัช
บริษัท ที.เอ็ม.พี.วู้ด จำกัด,Sales order,On order,1PB01GG190012302450,VSDP17002572,SW-LPA,-165,VNG-S,T.M.P.,2017-05-22,2017-05-12,คุณวัชรชัย
บริษัท ที.เอ็ม.พี.วู้ด จำกัด,Sales order,On order,1PB01GG250012302450,VSDP17002572,SW-LPA,-42,VNG-S,T.M.P.,2017-05-22,2017-05-12,คุณวัชรชัย
บริษัท เมเจอร์ แปลน จำกัด,Sales order,On order,1PB02NG150012302450,VSDP17002573,SW-LPA,"-1,050.00",VNG-S,ส่ง PSP - ใบชั่วคราว,2017-05-29,2017-05-12,คุณวิรัช
บริษัท เมเจอร์ แปลน จำกัด,Sales order,On order,1PB02NG150012302450,VSDP17002574,SW-LPA,"-1,050.00",VNG-S,ส่ง PSP - ใบชั่วคราว,2017-05-30,2017-05-12,คุณวิรัช
บริษัท เมเจอร์ แปลน จำกัด,Sales order,On order,1PB02NG150012302450,VSDP17002575,SW-LPA,"-1,050.00",VNG-S,ส่ง PSP - ใบชั่วคราว,2017-05-31,2017-05-12,คุณวิรัช
บริษัท ที.เอ็ม.พี.วู้ด จำกัด,Sales order,On order,4MBP2FS190012302450,VSDS17000520,SW-LMA,-260,VNG-S,TMP + PB-E1,2017-05-22,2017-05-12,คุณวัชรชัย
บริษัท ที.เอ็ม.พี.วู้ด จำกัด,Sales order,On order,4MBP2FS160012302450,VSDS17000520,SW-LMA,-248,VNG-S,TMP + PB-E1,2017-05-22,2017-05-12,คุณวัชรชัย
บริษัท ปาร์ติเกิ้ล แพลนเนอร์ จำกัด,Sales order,On order,1PB02NG090012302450,VSDP17002580,SW-LPA,-550,VNG-S,บริษัท ปาร์ติเกิ้ล แพลนเนอร์ จำกัด,2017-05-13,2017-05-13,
บริษัท ที.เอ็ม.พี.วู้ด จำกัด,Sales order,On order,4MBU2FS060012302450,VSDS17000523,SW-LMA,-165,VNG-S,TMP - เมลามีน,2017-05-16,2017-05-15,คุณวัชรชัย
บริษัท ที.เอ็ม.พี.วู้ด จำกัด,Sales order,On order,4MBU2FS060012302450,VSDS17000523,SW-LMA,-560,VNG-S,TMP - เมลามีน,2017-05-16,2017-05-15,คุณวัชรชัย
บริษัท ที.เอ็ม.พี.วู้ด จำกัด,Sales order,On order,4MBU2FS250012302450,VSDS17000523,SW-LMA,-200,VNG-S,TMP - เมลามีน,2017-05-16,2017-05-15,คุณวัชรชัย
บริษัท นีสเทิร์น อินดัสทรี่ จำกัด,Sales order,On order,1PB02NG180012302450,VSDP17002582,SW-LPA,-20,VNG-S,โคราช,2017-05-17,2017-05-15,คุณวิรัช
บริษัท ลานนาไม้อัดไทย จำกัด,Sales order,On order,1PB02NG150012302450,VSDP17002602,SW-LPA,-70,VNG-S,โกดัง 2,2017-05-16,2017-05-15,คุณดำรงศักดิ์
บจก.อินเด็กซ์ อินเตอร์เฟิร์น สาขา มหาชัย,Sales order,On order,1PB01GG160012302450,VSDP17002611,SW-LPA,-910,VNG-S,บจก.อินเด็กซ์ อินเตอร์เฟิร์น สาขา มหาชัย,2017-05-22,2017-05-15,คุณไกรฤกษ์
บริษัท ยู.โอ.ที.เทรดดิ้ง จำกัด,Sales order,On order,4MBP2FS120012302450,VSDS17000528,SW-LMA,-84,VNG-S,บริษัท ยู.โอ.ที.เทรดดิ้ง จำกัด,2017-05-17,2017-05-16,คุณวิรัช
บริษัท ยู.โอ.ที.เทรดดิ้ง จำกัด,Sales order,On order,4MBP2FS120012302450,VSDS17000529,SW-LMA,-168,VNG-S,บริษัท ยู.โอ.ที.เทรดดิ้ง จำกัด,2017-05-18,2017-05-16,คุณวิรัช
บริษัท ยู.โอ.ที.เทรดดิ้ง จำกัด,Sales order,On order,4MBP2FS190012302450,VSDS17000531,SW-LMA,-52,VNG-S,บริษัท ยู.โอ.ที.เทรดดิ้ง จำกัด,2017-05-18,2017-05-16,คุณวิรัช
บริษัท ยู.โอ.ที.เทรดดิ้ง จำกัด,Sales order,On order,1PB02GG250012302450,VSDP17002622,SW-LPA,-42,VNG-S,บริษัท ยู.โอ.ที.เทรดดิ้ง จำกัด,2017-05-18,2017-05-16,คุณวิรัช
ภูพนาค้าไม้,Sales order,On order,1PB02NG150012302450,VSDP17002627,SW-LPA,-70,VNG-S,เมโทรพูลทรัพย์-ไทรน้อย,2017-05-18,2017-05-17,คุณประดิษฐ์
บริษัท สถาพร ลามิเนชั่น จำกัด,Sales order,On order,1PB01GG180012302450,VSDP17002637,SW-LPA,-60,VNG-S,บริษัท สถาพร ลามิเนชั่น จำกัด,2017-05-30,2017-05-17,คุณวิรัช
บริษัท สถาพร ลามิเนชั่น จำกัด,Sales order,On order,1PB02NG150012302450,VSDP17002638,SW-LPA,-140,VNG-S,บริษัท สถาพร ลามิเนชั่น จำกัด,2017-05-19,2017-05-18,คุณวิรัช
บริษัท สถาพร ลามิเนชั่น จำกัด,Sales order,On order,1PB02NG150012302450,VSDP17002639,SW-LPA,-140,VNG-S,บริษัท สถาพร ลามิเนชั่น จำกัด,2017-05-20,2017-05-18,คุณวิรัช
บริษัท สถาพร ลามิเนชั่น จำกัด,Sales order,On order,1PB02NG150012302450,VSDP17002640,SW-LPA,-140,VNG-S,บริษัท สถาพร ลามิเนชั่น จำกัด,2017-05-22,2017-05-18,คุณวิรัช
บริษัท พี.เอช.เค.ซัพพลาย จำกัด,Sales order,On order,1PB02NG150012302450,VSDP17002642,SW-LPA,-70,VNG-S,ฟอร์จูน (T.T.B),2017-05-19,2017-05-18,คุณวัชรชัย
บริษัท พี.เอช.เค.ซัพพลาย จำกัด,Sales order,On order,1PB02NG150012302450,VSDP17002645,SW-LPA,-140,VNG-S,ส่ง P.S.P เฟอร์ฯ (นนทบุรี) ใบชั่วคราว,2017-05-25,2017-05-18,คุณวัชรชัย
บริษัท พี.เอช.เค.ซัพพลาย จำกัด,Sales order,On order,1PB02NG150012302450,VSDP17002646,SW-LPA,"-1,050.00",VNG-S,ส่ง P.S.P เฟอร์ฯ (นนทบุรี) ใบชั่วคราว,2017-05-26,2017-05-18,คุณวัชรชัย
บริษัท พี.เอช.เค.ซัพพลาย จำกัด,Sales order,On order,1PB02NG150012302450,VSDP17002647,SW-LPA,"-1,050.00",VNG-S,ส่ง P.S.P เฟอร์ฯ (นนทบุรี) ใบชั่วคราว,2017-05-27,2017-05-18,คุณวัชรชัย
บริษัท พี.เอช.เค.ซัพพลาย จำกัด,Sales order,On order,1PB02NG150012302450,VSDP17002648,SW-LPA,-140,VNG-S,พูนธนาทรัพย์ (คลอง 14),2017-05-29,2017-05-18,คุณวัชรชัย
บริษัท พี.เอช.เค.ซัพพลาย จำกัด,Sales order,On order,1PB02NG150012302450,VSDP17002649,SW-LPA,-140,VNG-S,พูนธนาทรัพย์ (คลอง 14),2017-05-30,2017-05-18,คุณวัชรชัย
บริษัท พี.เอช.เค.ซัพพลาย จำกัด,Sales order,On order,1PB02NG150012302450,VSDP17002650,SW-LPA,-70,VNG-S,พูนธนาทรัพย์ (คลอง 14),2017-05-31,2017-05-18,คุณวัชรชัย
บริษัท เมเจอร์ แปลน จำกัด,Sales order,On order,1PB02NG150012302450,VSDP17002658,SW-LPA,-140,VNG-S,ส่ง PSP - ใบชั่วคราว,2017-05-18,2017-05-18,คุณวิรัช
บริษัท ย่งพงษ์เส็งรังสิต จำกัด,Sales order,On order,4MBP2FS180012302450,VSDS17000540,SW-LMA,-18,VNG-S,บริษัท ย่งพงษ์เส็งรังสิต จำกัด,2017-05-19,2017-05-18,คุณประดิษฐ์
บริษัท ที.เอ็ม.พี.วู้ด จำกัด,Sales order,On order,4MBP2FS150012302450,VSDS17000543,SW-LMA,-136,VNG-S,หลี่หยาง - ใบชั่วคราว,2017-05-20,2017-05-18,คุณวัชรชัย
บริษัท ที.เอ็ม.พี.วู้ด จำกัด,Sales order,On order,4MBP2FS150012302450,VSDS17000544,SW-LMA,-68,VNG-S,T.M.P,2017-05-25,2017-05-18,คุณวัชรชัย
บริษัท เอช.เค.วี. จำกัด,Sales order,On order,3LM212022210310,VSDL17000687,SW-LUA,-45,VNG-S,ส่ง คิดแอนด์ทอยอินดัสทรี่ - ใบชั่วคราว,2017-05-22,2017-05-19,คุณวิรัช
บริษัท อีสต์โคสท์เฟอร์นิเทค จำกัด (มหาชน),Sales order,On order,1PB02FS150012301950,VSDP17002679,SW-LPA,-280,VNG-S,บริษัท อีสต์โคสท์เฟอร์นิเทค จำกัด (มหาชน),2017-05-20,2017-05-19,คุณไกรฤกษ์
บริษัท ที.เอ็ม.พี.วู้ด จำกัด,Sales order,On order,4MBP2FS150012302450,VSDS17000548,SW-LMA,-68,VNG-S,หลี่หยาง - ใบชั่วคราว,2017-05-20,2017-05-19,คุณวัชรชัย
ห้างหุ้นส่วนจำกัด ทีเอ็นเค วู้ด,Sales order,On order,1PB02NG150012302450,VSDP17002703,SW-LPA,-140,VNG-S,โกดังสยามวู๊ด,2017-05-23,2017-05-22,คุณวิรัช
ห้างหุ้นส่วนจำกัด ทีเอ็นเค วู้ด,Sales order,On order,1PB02NG150012302450,VSDP17002704,SW-LPA,-140,VNG-S,โกดังสยามวู๊ด,2017-05-23,2017-05-22,คุณวิรัช
ห้างหุ้นส่วนจำกัด ทีเอ็นเค วู้ด,Sales order,On order,1PB02NG150012302450,VSDP17002705,SW-LPA,-140,VNG-S,โกดังสยามวู๊ด,2017-05-23,2017-05-22,คุณวิรัช
บริษัท แกรนด์ดิส จำกัด,Sales order,On order,1PB02NG150012302450,VSDP17002715,SW-LPA,-140,VNG-S,บริษัท แกรนด์ดิส จำกัด,2017-05-22,2017-05-22,คุณวิรัช
บริษัท พี.เอช.เค.ซัพพลาย จำกัด,Sales order,On order,4MBP2FS055012302450,VSDS17000550,SW-LMA,-540,VNG-S,ส่ง ดูโฮม(รังสิตคอง7) สาขาโคราช,2017-05-24,2017-05-23,คุณวัชรชัย
บริษัท ที.เอ็ม.พี.วู้ด จำกัด,Sales order,On order,4MBP2FS090012302450,VSDS17000551,SW-LMA,-110,VNG-S,T.M.P,2017-05-24,2017-05-23,คุณวัชรชัย
บริษัท ที.เอ็ม.พี.วู้ด จำกัด,Sales order,On order,1PB02NG160012302450,VSDP17002724,SW-LPA,-65,VNG-S,S-วู้ดเมลามีนอาร์ต ใบชั่วคราว,2017-05-25,2017-05-23,คุณวัชรชัย
บริษัท แกรนด์ดิส จำกัด,Sales order,On order,1PB02NG150012302450,VSDP17002729,SW-LPA,-70,VNG-S,บริษัท แกรนด์ดิส จำกัด,2017-05-25,2017-05-23,คุณวิรัช
บริษัท สถาพร ลามิเนชั่น จำกัด,Sales order,On order,1PB02NG150012302450,VSDP17002731,SW-LPA,-70,VNG-S,บริษัท สถาพร ลามิเนชั่น จำกัด,2017-05-24,2017-05-23,คุณวิรัช
บริษัท สถาพร ลามิเนชั่น จำกัด,Sales order,On order,1PB02NG150012302450,VSDP17002732,SW-LPA,-140,VNG-S,บริษัท สถาพร ลามิเนชั่น จำกัด,2017-05-25,2017-05-23,คุณวิรัช
บริษัท สถาพร ลามิเนชั่น จำกัด,Sales order,On order,1PB02NG150012302450,VSDP17002733,SW-LPA,-140,VNG-S,บริษัท สถาพร ลามิเนชั่น จำกัด,2017-05-25,2017-05-23,คุณวิรัช
ห้างหุ้นส่วนจำกัด ทีเอ็นเค วู้ด,Sales order,On order,4MBP2FS040012302450,VSDS17000553,SW-LMA,-500,VNG-S,โกดังสยามวู๊ด,2017-05-24,2017-05-24,คุณวิรัช
บริษัท พี.เอช.เค.ซัพพลาย จำกัด,Sales order,On order,1PB02NG090012302450,VSDP17002734,SW-LPA,-110,VNG-S,รับเอง ดูโฮม (สาขาอุบลฯ) + MDF  15 FS,2017-05-24,2017-05-24,คุณวัชรชัย
บริษัท อีสต์โคสท์เฟอร์นิเทค จำกัด (มหาชน),Sales order,On order,1PB02FS150012302450,VSDP17002738,SW-LPA,-910,VNG-S,บริษัท อีสต์โคสท์เฟอร์นิเทค จำกัด (มหาชน),2017-05-24,2017-05-24,คุณไกรฤกษ์
บริษัท อีสต์โคสท์เฟอร์นิเทค จำกัด (มหาชน),Sales order,On order,1PB02FS150012302450,VSDP17002739,SW-LPA,-910,VNG-S,บริษัท อีสต์โคสท์เฟอร์นิเทค จำกัด (มหาชน),2017-05-24,2017-05-24,คุณไกรฤกษ์
บริษัท นีสเทิร์น อินดัสทรี่ จำกัด,Sales order,On order,4MBP2FS190012302450,VSDS17000558,SW-LMA,-3,VNG-S,"ส่งพร้อมไม้ PB, เคลือบ",2017-05-26,2017-05-24,คุณวิรัช
บริษัท รวมเจริญ วู๊ด มาร์เก็ตติ้ง จำกัด,Sales order,On order,1PB02NG150012302450,VSDP17002764,SW-LPA,-140,VNG-S,บริษัท รวมเจริญ วู๊ด มาร์เก็ตติ้ง จำกัด,2017-05-25,2017-05-25,คุณดำรงศักดิ์
บริษัท สถาพร ลามิเนชั่น จำกัด,Sales order,On order,1PB02NG150012302450,VSDP17002765,SW-LPA,-70,VNG-S,ฟอร์จูน,2017-05-25,2017-05-25,คุณวิรัช
บริษัท สถาพร ลามิเนชั่น จำกัด,Sales order,On order,1PB02NG150012302450,VSDP17002766,SW-LPA,-140,VNG-S,ปณชัย - ใบชั่วคราว,2017-05-25,2017-05-25,คุณวิรัช
บริษัท อีสต์โคสท์เฟอร์นิเทค จำกัด (มหาชน),Sales order,On order,1PB02FS150012302450,VSDP17002773,SW-LPA,-140,VNG-S,บริษัท อีสต์โคสท์เฟอร์นิเทค จำกัด (มหาชน),2017-05-29,2017-05-26,คุณไกรฤกษ์
บริษัท บางกอก มาสเตอร์วู้ด จำกัด,Sales order,On order,3LP115021110120,VSDL17000706,SW-LUA,-70,VNG-S,บริษัท บางกอก มาสเตอร์วู้ด จำกัด,2017-05-26,2017-05-26,คุณไกรฤกษ์
บริษัท บางกอก มาสเตอร์วู้ด จำกัด,Sales order,On order,3LP118021110120,VSDL17000707,SW-LUA,-56,VNG-S,บริษัท บางกอก มาสเตอร์วู้ด จำกัด,2017-05-26,2017-05-26,คุณไกรฤกษ์
บมจ.โฮม โปรดักส์ เซ็นเตอร์ สาขาวังน้อย,Sales order,On order,3F20892053GGA30610CR,VSDF17000934,SW-L3A,"-8,640.00",VNG-S,DC วังน้อย,2017-06-05,2017-05-26,คุณพิมพ์ลภัทร
บมจ.โฮม โปรดักส์ เซ็นเตอร์ สาขาวังน้อย,Sales order,On order,3F20892053GGA10720CR,VSDF17000935,SW-L3A,"-8,640.00",VNG-S,DC วังน้อย,2017-06-05,2017-05-26,คุณพิมพ์ลภัทร
บจก.ซีอาร์ซี ไทวัสดุ (สาขาคลังสินค้าวังน้อย),Sales order,On order,3F20892051GGA10617KA,VSDF17000936,SW-L3A,"-8,640.00",VNG-S,DC วังน้อย,2017-06-12,2017-05-26,คุณพิมพ์ลภัทร
บจก.ซีอาร์ซี ไทวัสดุ (สาขาคลังสินค้าวังน้อย),Sales order,On order,3F20892051GGA30719KA,VSDF17000937,SW-L3A,"-8,640.00",VNG-S,DC วังน้อย,2017-06-06,2017-05-26,คุณพิมพ์ลภัทร
บจก.ซีอาร์ซี ไทวัสดุ (สาขาคลังสินค้าวังน้อย),Sales order,On order,3F20892051GGA30718KA,VSDF17000937,SW-L3A,"-8,640.00",VNG-S,DC วังน้อย,2017-06-06,2017-05-26,คุณพิมพ์ลภัทร
บริษัท ยู.โอ.ที.เทรดดิ้ง จำกัด,Sales order,On order,4MBP2FS150012302450,VSDS17000563,SW-LMA,-136,VNG-S,บริษัท ยู.โอ.ที.เทรดดิ้ง จำกัด,2017-05-27,2017-05-26,คุณวิรัช
บริษัท ยู.โอ.ที.เทรดดิ้ง จำกัด,Sales order,On order,4MBP2FS060012302450,VSDS17000565,SW-LMA,-330,VNG-S,บริษัท ยู.โอ.ที.เทรดดิ้ง จำกัด,2017-05-27,2017-05-26,คุณวิรัช
บริษัท ยู.โอ.ที.เทรดดิ้ง จำกัด,Sales order,On order,4MBP2FS060012302450,VSDS17000564,SW-LMA,-330,VNG-S,บริษัท ยู.โอ.ที.เทรดดิ้ง จำกัด,2017-05-27,2017-05-26,คุณวิรัช
บริษัท ยู.โอ.ที.เทรดดิ้ง จำกัด,Sales order,On order,4MBP2FS060012302450,VSDS17000564,SW-LMA,"-2,145.00",VNG-S,บริษัท ยู.โอ.ที.เทรดดิ้ง จำกัด,2017-05-27,2017-05-26,คุณวิรัช
บริษัท สถาพร ลามิเนชั่น จำกัด,Sales order,On order,1PB02NG150012302450,VSDP17002781,SW-LPA,-140,VNG-S,บริษัท สถาพร ลามิเนชั่น จำกัด,2017-05-30,2017-05-26,คุณวิรัช
บริษัท สถาพร ลามิเนชั่น จำกัด,Sales order,On order,1PB02NG150012302450,VSDP17002782,SW-LPA,-140,VNG-S,บริษัท สถาพร ลามิเนชั่น จำกัด,2017-05-30,2017-05-26,คุณวิรัช
บจก.ฮอฟเฟ็น(ประเทศไทย),Sales order,On order,3F10892053GGA10620HF,VSDF17000942,SW-L3A,"-5,600.00",VNG-S,โกดังฮอฟเฟ็นลำลูกกาคลอง 8,2017-05-30,2017-05-29,คุณสันติ์สิทธิ์
บจก.ฮอฟเฟ็น(ประเทศไทย),Sales order,On order,3F20892053GGA20710HF,VSDF17000942,SW-L3A,-800,VNG-S,โกดังฮอฟเฟ็นลำลูกกาคลอง 8,2017-05-30,2017-05-29,คุณสันติ์สิทธิ์
บจก.ฮอฟเฟ็น(ประเทศไทย),Sales order,On order,3F20892053GGA30730HF,VSDF17000942,SW-L3A,"-2,240.00",VNG-S,โกดังฮอฟเฟ็นลำลูกกาคลอง 8,2017-05-30,2017-05-29,คุณสันติ์สิทธิ์
บริษัท ลานนาไม้อัดไทย จำกัด,Sales order,On order,1PB02NG150012302450,VSDP17002796,SW-LPA,-70,VNG-S,โกดัง 2,2017-05-29,2017-05-29,คุณดำรงศักดิ์
บจก.มิสเตอร์เทรดเดอร์,Sales order,On order,1BJSK0020159580036VF,VSDB17000089,SW-LBA,-100,VNG-S,โกดังวัดญวณ ซ.23,2017-06-02,2017-05-29,คุณสุพัตรา
บจก.มิสเตอร์เทรดเดอร์,Sales order,On order,1BJSK0020159580039VF,VSDB17000089,SW-LBA,-150,VNG-S,โกดังวัดญวณ ซ.23,2017-06-02,2017-05-29,คุณสุพัตรา
บจก.มิสเตอร์เทรดเดอร์,Sales order,On order,1BJSK0020159580038VF,VSDB17000089,SW-LBA,-50,VNG-S,โกดังวัดญวณ ซ.23,2017-06-02,2017-05-29,คุณสุพัตรา
บจก.มิสเตอร์เทรดเดอร์,Sales order,On order,2F21293051GGA20724LE,VSDF17000946,SW-LFA,-700,VNG-S,โกดังวัดญวณ ซ.23,2017-06-02,2017-05-29,คุณสุพัตรา
บจก.วีอาร์ เดคคอร์ แอนด์ อินทีเรียร์,Sales order,On order,3F20892053EGA10625AZ,VSDF17000950,SW-L3A,"-8,640.00",VNG-S,โครงการ IDEO สุขุมวิท 115,2017-06-01,2017-05-30,คุณสันติ์สิทธิ์
บริษัท รวมเจริญ วู๊ด มาร์เก็ตติ้ง จำกัด,Sales order,On order,3LP216024420610,VSDL17000713,SW-LUA,-390,VNG-S,รับเอง แจ้งทะเบียนและชื่อภายหลัง,2017-05-30,2017-05-30,คุณสุภาพ
บจก.วิวัฒน์ชัยค้าไม้,Sales order,On order,3F20892051GGA30727BO,VSDF17000953,SW-L3A,"-2,400.00",VNG-S,โกดังวิวัฒน์ชัย,2017-06-01,2017-05-30,คุณสุพัตรา
บจก.วิวัฒน์ชัยค้าไม้,Sales order,On order,3F20892051GGA10732BO,VSDF17000953,SW-L3A,"-1,920.00",VNG-S,โกดังวิวัฒน์ชัย,2017-06-01,2017-05-30,คุณสุพัตรา
บจก.วิวัฒน์ชัยค้าไม้,Sales order,On order,3F20892053GGA30110BO,VSDF17000953,SW-L3A,"-1,440.00",VNG-S,โกดังวิวัฒน์ชัย,2017-06-01,2017-05-30,คุณสุพัตรา
บจก.วิวัฒน์ชัยค้าไม้,Sales order,On order,3F20892051GGA10635BO,VSDF17000953,SW-L3A,"-1,440.00",VNG-S,โกดังวิวัฒน์ชัย,2017-06-01,2017-05-30,คุณสุพัตรา
บจก.วิวัฒน์ชัยค้าไม้,Sales order,On order,3F20892051GGA30611BO,VSDF17000953,SW-L3A,-480,VNG-S,โกดังวิวัฒน์ชัย,2017-06-01,2017-05-30,คุณสุพัตรา
บจก.วิวัฒน์ชัยค้าไม้,Sales order,On order,2F21293051GGA10732BO,VSDF17000953,SW-LFA,-525,VNG-S,โกดังวิวัฒน์ชัย,2017-06-01,2017-05-30,คุณสุพัตรา
บริษัท พี.เอช.เค.ซัพพลาย จำกัด,Sales order,On order,1PB02GG250012302450,VSDP17002813,SW-LPA,-42,VNG-S,ส่งพูนธนาทรัพย์คลอง 14 + PB 15 NG,2017-05-30,2017-05-30,คุณวัชรชัย
บริษัท ดูโฮม จำกัด,Sales order,On order,2F21293051EGA10732FI,VSDF17000955,SW-LFA,"-3,500.00",VNG-S,ดูโฮม สาขาบางบัวทอง,2017-06-02,2017-05-30,คุณพิมพ์ลภัทร
บริษัท ดูโฮม จำกัด,Sales order,On order,2F20892051EGA30717FI,VSDF17000955,SW-LFA,"-3,360.00",VNG-S,ดูโฮม สาขาบางบัวทอง,2017-06-02,2017-05-30,คุณพิมพ์ลภัทร
บริษัท แสนสิริกิจ เอ็นเตอร์ไพรซ์ จำกัด,Sales order,On order,1PB02NG150012302450,VSDP17002814,SW-LPA,"-1,050.00",VNG-S,โกดังวัดเสาธงหิน,2017-05-31,2017-05-30,คุณวิรัช
บริษัท ย่งพงษ์เส็งรังสิต จำกัด,Sales order,On order,3LP216022210310,VSDL17000714,SW-LUA,-390,VNG-S,ส่งพร้อมไม้เปลือย คุณประดิษฐ์,2017-06-01,2017-05-31,คุณสุภาพ
บริษัท ย่งพงษ์เส็งรังสิต จำกัด,Sales order,On order,3LP219022210310,VSDL17000714,SW-LUA,-275,VNG-S,ส่งพร้อมไม้เปลือย คุณประดิษฐ์,2017-06-01,2017-05-31,คุณสุภาพ
ห้างหุ้นส่วนจำกัด ไม้สักไทยเฟอร์นิเจอร์,Sales order,On order,3LPN15021110150,VSDL17000715,SW-LUA,-420,VNG-S,ถ.นวมินทร์,2017-06-01,2017-05-31,คุณสุภาพ
บริษัท เอ็กซ์คลูซิฟ เฟอร์นิเจอร์ จำกัด,Sales order,On order,3LP209022210120,VSDL17000716,SW-LUA,-672,VNG-S,บริษัท เอ็กซ์คลูซิฟ เฟอร์นิเจอร์ จำกัด,2017-06-05,2017-05-31,คุณสุภาพ
บริษัท พร้อม โฮมเซ็นเตอร์ จำกัด,Sales order,On order,3F20892053EGA30728BO,VSDF17000956,SW-L3A,"-1,440.00",VNG-S,โกดังพร้อมโฮม,2017-06-01,2017-05-31,คุณสุทธิรักษ์
บริษัท พร้อม โฮมเซ็นเตอร์ จำกัด,Sales order,On order,3F20892053GGA10623BO,VSDF17000956,SW-L3A,"-1,008.00",VNG-S,โกดังพร้อมโฮม,2017-06-01,2017-05-31,คุณสุทธิรักษ์
บริษัท พร้อม โฮมเซ็นเตอร์ จำกัด,Sales order,On order,2F20892053GGA10742BO,VSDF17000956,SW-LFA,"-1,984.00",VNG-S,โกดังพร้อมโฮม,2017-06-01,2017-05-31,คุณสุทธิรักษ์
บริษัท พร้อม โฮมเซ็นเตอร์ จำกัด,Sales order,On order,3F20892053EGA10742BO,VSDF17000956,SW-L3A,"-2,736.00",VNG-S,โกดังพร้อมโฮม,2017-06-01,2017-05-31,คุณสุทธิรักษ์
บริษัท พร้อม โฮมเซ็นเตอร์ จำกัด,Sales order,On order,3F20892053EGA10623BO,VSDF17000956,SW-L3A,"-1,472.00",VNG-S,โกดังพร้อมโฮม,2017-06-01,2017-05-31,คุณสุทธิรักษ์
บริษัท พี.เอช.เค.ซัพพลาย จำกัด,Sales order,On order,1PPN150200M6800,VSDO17000260,SW-LAA,-980,VNG-S,รับเอง-ปากคาดเฟอร์ + MDF 2.5 ปิดกระดาษ,2017-05-31,2017-05-31,คุณวัชรชัย
บจก.มิสเตอร์เทรดเดอร์,Sales order,On order,3F20892051GGA10733LE,VSDF17000957,SW-L3A,-960,VNG-S,โกดังวัดญวณ ซ.23,2017-06-02,2017-05-31,คุณสุพัตรา
บจก.มิสเตอร์เทรดเดอร์,Sales order,On order,3F20892051GGA10732LE,VSDF17000957,SW-L3A,-480,VNG-S,โกดังวัดญวณ ซ.23,2017-06-02,2017-05-31,คุณสุพัตรา
บจก.มิสเตอร์เทรดเดอร์,Sales order,On order,2F21293051GGA10739LE,VSDF17000957,SW-LFA,-350,VNG-S,โกดังวัดญวณ ซ.23,2017-06-02,2017-05-31,คุณสุพัตรา
บจก.มิสเตอร์เทรดเดอร์,Sales order,On order,2F21293051GGA30240LE,VSDF17000957,SW-LFA,-350,VNG-S,โกดังวัดญวณ ซ.23,2017-06-02,2017-05-31,คุณสุพัตรา
บจก.มิสเตอร์เทรดเดอร์,Sales order,On order,3F20892051GGA20724AV,VSDF17000958,SW-L3A,"-1,440.00",VNG-S,โกดังวัดญวณ ซ.23,2017-06-02,2017-05-31,คุณสุพัตรา
บจก.มิสเตอร์เทรดเดอร์,Sales order,On order,3F20892051GGA10733AV,VSDF17000958,SW-L3A,-960,VNG-S,โกดังวัดญวณ ซ.23,2017-06-02,2017-05-31,คุณสุพัตรา
บจก.มิสเตอร์เทรดเดอร์,Sales order,On order,3F20892051GGA10739AV,VSDF17000958,SW-L3A,-480,VNG-S,โกดังวัดญวณ ซ.23,2017-06-02,2017-05-31,คุณสุพัตรา
บจก.มิสเตอร์เทรดเดอร์,Sales order,On order,3F20892051GGA30150AV,VSDF17000958,SW-L3A,-480,VNG-S,โกดังวัดญวณ ซ.23,2017-06-02,2017-05-31,คุณสุพัตรา
บจก.มิสเตอร์เทรดเดอร์,Sales order,On order,2F21293051GGA10739AV,VSDF17000958,SW-LFA,-350,VNG-S,โกดังวัดญวณ ซ.23,2017-06-02,2017-05-31,คุณสุพัตรา
บจก. เอนเทค สิมิลัน,Sales order,On order,2F21293051GGA10732BO,VSDF17000959,SW-LFA,-196,VNG-S,รับสินค้าที่โรงงาน,2017-06-01,2017-05-31,คุณสุพัตรา
บริษัท รวมเจริญ วู๊ด มาร์เก็ตติ้ง จำกัด,Sales order,On order,3LP218022210120,VSDL17000717,SW-LUA,-180,VNG-S,แอพโซลูส,2017-06-02,2017-05-31,คุณดำรงศักดิ์
บริษัท รวมเจริญ วู๊ด มาร์เก็ตติ้ง จำกัด,Sales order,On order,3LP218022220610,VSDL17000717,SW-LUA,-180,VNG-S,แอพโซลูส,2017-06-02,2017-05-31,คุณดำรงศักดิ์
บริษัท รวมเจริญ วู๊ด มาร์เก็ตติ้ง จำกัด,Sales order,On order,3LP218022210120,VSDL17000718,SW-LUA,-180,VNG-S,แอพโซลูส,2017-06-03,2017-05-31,คุณสุภาพ
บริษัท รวมเจริญ วู๊ด มาร์เก็ตติ้ง จำกัด,Sales order,On order,3LP218022220610,VSDL17000718,SW-LUA,-180,VNG-S,แอพโซลูส,2017-06-03,2017-05-31,คุณสุภาพ
บริษัท ย่งพงษ์เส็งรังสิต จำกัด,Sales order,On order,4MBP2FS060012302450,VSDS17000575,SW-LMA,-495,VNG-S,พร้อม PB,2017-06-01,2017-05-31,คุณประดิษฐ์
บริษัท ย่งพงษ์เส็งรังสิต จำกัด,Sales order,On order,4MBP2FS150012302450,VSDS17000575,SW-LMA,-340,VNG-S,พร้อม PB,2017-06-01,2017-05-31,คุณประดิษฐ์
บริษัท ย่งพงษ์เส็งรังสิต จำกัด,Sales order,On order,4MBP2FS180012302450,VSDS17000575,SW-LMA,-112,VNG-S,พร้อม PB,2017-06-01,2017-05-31,คุณประดิษฐ์
บริษัท เอส.บี.อุตสาหกรรมเครื่องเรือน จำกัด,Sales order,On order,1PB01GG250012302150,VSDP17002815,SW-LPA,-714,VNG-S,บางบัวทอง,2017-06-01,2017-05-31,คุณดำรงศักดิ์
บริษัท สักทอง(ไทย) จำกัด,Sales order,On order,1PB02GG150012302450,VSDP17002816,SW-LPA,-980,VNG-S,ปากเกร็ด,2017-06-01,2017-05-31,คุณดำรงศักดิ์
บริษัท เอส.บี.อุตสาหกรรมเครื่องเรือน จำกัด,Sales order,On order,1PB01GG120012302050,VSDP17002817,SW-LPA,"-1,445.00",VNG-S,บางบัวทอง,2017-06-01,2017-05-31,คุณดำรงศักดิ์
บริษัท เอส.บี.อุตสาหกรรมเครื่องเรือน จำกัด,Sales order,On order,1PB01GG160012302150,VSDP17002818,SW-LPA,"-1,040.00",VNG-S,บางบัวทอง,2017-06-01,2017-05-31,คุณดำรงศักดิ์
บริษัท โต๊ะจักรไทยประดิษฐ์ (1980) จำกัด,Sales order,On order,1PB01GG150012302450,VSDP17002819,SW-LPA,-840,VNG-S,ธนพล - ใบชั่วคราว,2017-06-01,2017-05-31,คุณสุรพงษ์
บริษัท ย่งพงษ์เส็งรังสิต จำกัด,Sales order,On order,1PB02GG250012302450,VSDP17002820,SW-LPA,-210,VNG-S,พร้อม MDF,2017-06-01,2017-05-31,คุณประดิษฐ์
บริษัท พี.เอช.เค.ซัพพลาย จำกัด,Sales order,On order,1PB02NG150012302450,VSDP17002821,SW-LPA,"-1,050.00",VNG-S,พูนธนาทรัพย์ (คลอง 14),2017-06-01,2017-05-31,คุณวัชรชัย
บริษัท พี.เอช.เค.ซัพพลาย จำกัด,Sales order,On order,1PB02NG150012302450,VSDP17002822,SW-LPA,"-1,050.00",VNG-S,พูนธนาทรัพย์ (คลอง 14),2017-06-02,2017-05-31,คุณวัชรชัย
ภูพนาค้าไม้,Sales order,On order,1PB02NG150012302450,VSDP17002823,SW-LPA,"-1,050.00",VNG-S,เมโทรพูลทรัพย์-ไทรน้อย,2017-06-01,2017-05-31,คุณประดิษฐ์
ภูพนาค้าไม้,Sales order,On order,1PB02NG150012302450,VSDP17002824,SW-LPA,"-1,050.00",VNG-S,เมโทรพูลทรัพย์-ไทรน้อย,2017-06-01,2017-05-31,คุณประดิษฐ์
ภูพนาค้าไม้,Sales order,On order,1PB02NG150012302450,VSDP17002825,SW-LPA,"-1,050.00",VNG-S,เมโทรพูลทรัพย์-ไทรน้อย,2017-06-02,2017-05-31,คุณประดิษฐ์
ภูพนาค้าไม้,Sales order,On order,1PB02NG150012302450,VSDP17002826,SW-LPA,"-1,050.00",VNG-S,เมโทรพูลทรัพย์-ไทรน้อย,2017-06-02,2017-05-31,คุณประดิษฐ์
ภูพนาค้าไม้,Sales order,On order,1PB02NG150012302450,VSDP17002827,SW-LPA,"-1,050.00",VNG-S,เมโทรพูลทรัพย์-ไทรน้อย,2017-06-03,2017-05-31,คุณประดิษฐ์
ภูพนาค้าไม้,Sales order,On order,1PB02NG150012302450,VSDP17002828,SW-LPA,"-1,050.00",VNG-S,เมโทรพูลทรัพย์-ไทรน้อย,2017-06-03,2017-05-31,คุณประดิษฐ์
บจก.เพอร์เฟ็คท์ ออฟฟิศเฟอร์นิเจอร์,Sales order,On order,1PB02NG150012302450,VSDP17002829,SW-LPA,-245,VNG-S,ส่งโรงงานท่าข้าม,2017-06-01,2017-05-31,คุณสุภาพ
บจก.เพอร์เฟ็คท์ ออฟฟิศเฟอร์นิเจอร์,Sales order,On order,1PB02NG150012302450,VSDP17002830,SW-LPA,-245,VNG-S,ส่งโรงงานท่าข้าม,2017-06-01,2017-05-31,คุณสุภาพ
บริษัท ที.เอ็ม.พี.วู้ด จำกัด,Sales order,On order,1PB01GG160012302450,VSDP17002831,SW-LPA,-130,VNG-S,ส่งเมโทรท๊อปวู้ด (พระนั่งเกล้า) - ใบชั่วคราว,2017-06-01,2017-05-31,คุณวัชรชัย
บริษัท ที.เอ็ม.พี.วู้ด จำกัด,Sales order,On order,1PB01GG160012302450,VSDP17002831,SW-LPA,-845,VNG-S,ส่งเมโทรท๊อปวู้ด (พระนั่งเกล้า) - ใบชั่วคราว,2017-06-01,2017-05-31,คุณวัชรชัย
บริษัท อาร์ เอ็ม ซี เมทัลวู๊ด จำกัด,Sales order,On order,1PB02NG150012302450,VSDP17002832,SW-LPA,"-1,050.00",VNG-S,บริษัท อาร์ เอ็ม ซี เมทัลวู๊ด จำกัด,2017-06-02,2017-05-31,คุณประดิษฐ์
บริษัท อาร์ เอ็ม ซี เมทัลวู๊ด จำกัด,Sales order,On order,1PB02NG150012302450,VSDP17002833,SW-LPA,"-1,050.00",VNG-S,บริษัท อาร์ เอ็ม ซี เมทัลวู๊ด จำกัด,2017-06-03,2017-05-31,คุณประดิษฐ์
บจก.ฮอฟเฟ็น(ประเทศไทย),Sales order,On order,3F20892053GGA10732HF,VSDF17000960,SW-L3A,-704,VNG-S,โกดังฮอฟเฟ็นลำลูกกาคลอง 8,2017-06-02,2017-05-31,คุณสันติ์สิทธิ์
บจก.อินเด็กซ์ อินเตอร์เฟิร์น สาขา มหาชัย,Sales order,On order,1PB01GG160012301840,VSDP17002834,SW-LPA,-910,VNG-S,บจก.อินเด็กซ์ อินเตอร์เฟิร์น สาขา มหาชัย,2017-06-01,2017-05-31,คุณไกรฤกษ์
บจก.อินเด็กซ์ อินเตอร์เฟิร์น สาขา มหาชัย,Sales order,On order,1PB01GG160012302450,VSDP17002835,SW-LPA,-65,VNG-S,บจก.อินเด็กซ์ อินเตอร์เฟิร์น สาขา มหาชัย,2017-06-01,2017-05-31,คุณไกรฤกษ์
บจก.อินเด็กซ์ อินเตอร์เฟิร์น สาขา มหาชัย,Sales order,On order,1PB01GG160012302450,VSDP17002835,SW-LPA,-845,VNG-S,บจก.อินเด็กซ์ อินเตอร์เฟิร์น สาขา มหาชัย,2017-06-01,2017-05-31,คุณไกรฤกษ์
บจก.ฮอฟเฟ็น(ประเทศไทย),Sales order,On order,3F10892053GGA10732HF,VSDF17000960,SW-L3A,"-8,000.00",VNG-S,โกดังฮอฟเฟ็นลำลูกกาคลอง 8,2017-06-02,2017-05-31,คุณสันติ์สิทธิ์
บจก.อินเด็กซ์ อินเตอร์เฟิร์น สาขา มหาชัย,Sales order,On order,1PB01GG160012302450,VSDP17002836,SW-LPA,-910,VNG-S,บจก.อินเด็กซ์ อินเตอร์เฟิร์น สาขา มหาชัย,2017-06-01,2017-05-31,คุณไกรฤกษ์
บริษัท ฟลอร์เอฟเวอร์ จำกัด,Sales order,On order,3F20892051GGA30611BO,VSDF17000961,SW-L3A,"-8,640.00",VNG-S,โครงการ L-Park เพชรเกษม 98 เฟส 2,2017-06-02,2017-05-31,คุณสันติ์สิทธิ์
บจก.อินเด็กซ์ อินเตอร์เฟิร์น สาขา มหาชัย,Sales order,On order,1PB01GG120012302450,VSDP17002837,SW-LPA,"-1,190.00",VNG-S,บจก.อินเด็กซ์ อินเตอร์เฟิร์น สาขา มหาชัย,2017-06-01,2017-05-31,คุณไกรฤกษ์
บจก.อินเด็กซ์ อินเตอร์เฟิร์น สาขา มหาชัย,Sales order,On order,1PB01GG250012302450,VSDP17002838,SW-LPA,-546,VNG-S,บจก.อินเด็กซ์ อินเตอร์เฟิร์น สาขา มหาชัย,2017-06-01,2017-05-31,คุณไกรฤกษ์
บจก.อินเด็กซ์ อินเตอร์เฟิร์น สาขา มหาชัย,Sales order,On order,1PB01GG160012302150,VSDP17002839,SW-LPA,"-1,040.00",VNG-S,บจก.อินเด็กซ์ อินเตอร์เฟิร์น สาขา มหาชัย,2017-06-01,2017-05-31,คุณไกรฤกษ์
บจก.อินเด็กซ์ อินเตอร์เฟิร์น สาขา มหาชัย,Sales order,On order,1PB01GG120012302050,VSDP17002840,SW-LPA,"-1,445.00",VNG-S,บจก.อินเด็กซ์ อินเตอร์เฟิร์น สาขา มหาชัย,2017-06-01,2017-05-31,คุณไกรฤกษ์
บจก.อินเด็กซ์ อินเตอร์เฟิร์น สาขา มหาชัย,Sales order,On order,1PB01GG190012302150,VSDP17002841,SW-LPA,-880,VNG-S,บจก.อินเด็กซ์ อินเตอร์เฟิร์น สาขา มหาชัย,2017-06-01,2017-05-31,คุณไกรฤกษ์
บจก.อินเด็กซ์ อินเตอร์เฟิร์น สาขา มหาชัย,Sales order,On order,1PB01GG250012302450,VSDP17002842,SW-LPA,-588,VNG-S,บจก.อินเด็กซ์ อินเตอร์เฟิร์น สาขา มหาชัย,2017-06-01,2017-05-31,คุณไกรฤกษ์
บจก.อินเด็กซ์ อินเตอร์เฟิร์น สาขา มหาชัย,Sales order,On order,1PB01GG190012302450,VSDP17002843,SW-LPA,-770,VNG-S,บจก.อินเด็กซ์ อินเตอร์เฟิร์น สาขา มหาชัย,2017-06-01,2017-05-31,คุณไกรฤกษ์
บริษัท อีสต์โคสท์เฟอร์นิเทค จำกัด (มหาชน),Sales order,On order,1PB02FS150012302450,VSDP17002844,SW-LPA,-910,VNG-S,บริษัท อีสต์โคสท์เฟอร์นิเทค จำกัด (มหาชน),2017-06-01,2017-05-31,คุณไกรฤกษ์
บริษัท อีสต์โคสท์เฟอร์นิเทค จำกัด (มหาชน),Sales order,On order,1PB02FS150012302450,VSDP17002845,SW-LPA,-910,VNG-S,บริษัท อีสต์โคสท์เฟอร์นิเทค จำกัด (มหาชน),2017-06-01,2017-05-31,คุณไกรฤกษ์
บริษัท อีสต์โคสท์เฟอร์นิเทค จำกัด (มหาชน),Sales order,On order,1PB02FS150012301840,VSDP17002846,SW-LPA,"-1,120.00",VNG-S,บริษัท อีสต์โคสท์เฟอร์นิเทค จำกัด (มหาชน),2017-06-01,2017-05-31,คุณไกรฤกษ์
บจก.เดียร์ โดม ดีไซน์ แอนด์ คอนสตรัคชั่น,Sales order,On order,3F20892051EGA10732BO,VSDF17000962,SW-L3A,-960,VNG-S,รับสินค้าที่โรงงาน,2017-06-01,2017-05-31,คุณสุทธิรักษ์
ภูพนาค้าไม้,Sales order,On order,4MBP2FS060012302450,VSDS17000576,SW-LMA,"-2,475.00",VNG-S,บางกอก เดคคอน - ใบชั่วคราวส่ง,2017-06-02,2017-05-31,คุณประดิษฐ์
บจก.เดียร์ โดม ดีไซน์ แอนด์ คอนสตรัคชั่น,Sales order,On order,3F20892053GGA10722BO,VSDF17000962,SW-L3A,-480,VNG-S,รับสินค้าที่โรงงาน,2017-06-01,2017-05-31,คุณสุทธิรักษ์
บจก.เดียร์ โดม ดีไซน์ แอนด์ คอนสตรัคชั่น,Sales order,On order,3F20892053GGA10670BO,VSDF17000962,SW-L3A,-960,VNG-S,รับสินค้าที่โรงงาน,2017-06-01,2017-05-31,คุณสุทธิรักษ์
บจก.เดียร์ โดม ดีไซน์ แอนด์ คอนสตรัคชั่น,Sales order,On order,2F20892053GGA10620BO,VSDF17000962,SW-LFA,-480,VNG-S,รับสินค้าที่โรงงาน,2017-06-01,2017-05-31,คุณสุทธิรักษ์
บจก.เดียร์ โดม ดีไซน์ แอนด์ คอนสตรัคชั่น,Sales order,On order,2F20892051GGA10617BO,VSDF17000962,SW-LFA,-960,VNG-S,รับสินค้าที่โรงงาน,2017-06-01,2017-05-31,คุณสุทธิรักษ์
บริษัท อีสต์โคสท์เฟอร์นิเทค จำกัด (มหาชน),Sales order,On order,1PB02FS150012301840,VSDP17002847,SW-LPA,"-1,120.00",VNG-S,บริษัท อีสต์โคสท์เฟอร์นิเทค จำกัด (มหาชน),2017-06-01,2017-05-31,คุณไกรฤกษ์
บริษัท อีสต์โคสท์เฟอร์นิเทค จำกัด (มหาชน),Sales order,On order,1PB02FS150012301840,VSDP17002848,SW-LPA,"-1,120.00",VNG-S,บริษัท อีสต์โคสท์เฟอร์นิเทค จำกัด (มหาชน),2017-06-01,2017-05-31,คุณไกรฤกษ์
บริษัท เอส.บี.อุตสาหกรรมเครื่องเรือน จำกัด,Sales order,On order,4MBU1S4180012302450,VSDS17000577,SW-LMA,-392,VNG-S,บางบัวทอง,2017-06-01,2017-05-31,ดำรงศักดิ์
บริษัท เอส.บี.อุตสาหกรรมเครื่องเรือน จำกัด,Sales order,On order,4MBU1S4220012302450,VSDS17000577,SW-LMA,-322,VNG-S,บางบัวทอง,2017-06-01,2017-05-31,ดำรงศักดิ์
บริษัท อีสต์โคสท์เฟอร์นิเทค จำกัด (มหาชน),Sales order,On order,1PB02FS150012301840,VSDP17002849,SW-LPA,"-1,120.00",VNG-S,บริษัท อีสต์โคสท์เฟอร์นิเทค จำกัด (มหาชน),2017-06-01,2017-05-31,คุณไกรฤกษ์
บริษัท ที.เอ็ม.พี.วู้ด จำกัด,Sales order,On order,4MBP2FS150012302450,VSDS17000578,SW-LMA,"-1,088.00",VNG-S,หลี่หยาง - ใบชั่วคราว,2017-06-05,2017-05-31,คุณวัชรชัย
บริษัท อีสต์โคสท์เฟอร์นิเทค จำกัด (มหาชน),Sales order,On order,1PB02FS120012302450,VSDP17002850,SW-LPA,-850,VNG-S,บริษัท อีสต์โคสท์เฟอร์นิเทค จำกัด (มหาชน),2017-06-01,2017-05-31,คุณไกรฤกษ์
บริษัท ที.เอ็ม.พี.วู้ด จำกัด,Sales order,On order,4MBP2FS150012302450,VSDS17000579,SW-LMA,"-1,088.00",VNG-S,หลี่หยาง - ใบชั่วคราว,2017-06-06,2017-05-31,คุณวัชรชัย
บริษัท อีสต์โคสท์เฟอร์นิเทค จำกัด (มหาชน),Sales order,On order,1PB02FS120012302450,VSDP17002851,SW-LPA,-850,VNG-S,บริษัท อีสต์โคสท์เฟอร์นิเทค จำกัด (มหาชน),2017-06-01,2017-05-31,คุณไกรฤกษ์
บริษัท ที.เอ็ม.พี.วู้ด จำกัด,Sales order,On order,4MBP2FS150012302450,VSDS17000580,SW-LMA,"-1,088.00",VNG-S,หลี่หยาง - ใบชั่วคราว,2017-06-07,2017-05-31,คุณวัชรชัย
บริษัท อีสต์โคสท์เฟอร์นิเทค จำกัด (มหาชน),Sales order,On order,1PB02FS120012301840,VSDP17002852,SW-LPA,"-1,360.00",VNG-S,บริษัท อีสต์โคสท์เฟอร์นิเทค จำกัด (มหาชน),2017-06-01,2017-05-31,คุณไกรฤกษ์
บริษัท อีสต์โคสท์เฟอร์นิเทค จำกัด (มหาชน),Sales order,On order,1PB02FS120012301840,VSDP17002853,SW-LPA,"-1,360.00",VNG-S,บริษัท อีสต์โคสท์เฟอร์นิเทค จำกัด (มหาชน),2017-06-01,2017-05-31,คุณไกรฤกษ์
บริษัท ที.เอ็ม.พี.วู้ด จำกัด,Sales order,On order,4MBP2FS180012302450,VSDS17000581,SW-LMA,-896,VNG-S,หลี่หยาง - ใบชั่วคราว,2017-06-06,2017-05-31,คุณวัชรชัย
บจก.อินเด็กซ์ อินเตอร์เฟิร์น สาขา มหาชัย,Sales order,On order,3LM419021110120,VSDL17000719,SW-LUA,-110,VNG-S,บจก.อินเด็กซ์ อินเตอร์เฟิร์น สาขา มหาชัย,2017-06-01,2017-05-31,คุณไกรฤกษ์
บริษัท เอส.บี.อุตสาหกรรมเครื่องเรือน จำกัด,Sales order,On order,4MBU1S4160012302450,VSDS17000582,SW-LMA,-868,VNG-S,บางบัวทอง,2017-06-14,2017-05-31,ดำรงศักดิ์
บจก.อินเด็กซ์ อินเตอร์เฟิร์น สาขา มหาชัย,Sales order,On order,3LP116021110120,VSDL17000720,SW-LUA,-650,VNG-S,บจก.อินเด็กซ์ อินเตอร์เฟิร์น สาขา มหาชัย,2017-06-01,2017-05-31,คุณไกรฤกษ์
บริษัท เอส.บี.อุตสาหกรรมเครื่องเรือน จำกัด,Sales order,On order,4MBU1S4120012302450,VSDS17000583,SW-LMA,-588,VNG-S,บางบัวทอง,2017-06-14,2017-05-31,ดำรงศักดิ์
บริษัท เอส.บี.อุตสาหกรรมเครื่องเรือน จำกัด,Sales order,On order,4MBU1S4250012302450,VSDS17000583,SW-LMA,-280,VNG-S,บางบัวทอง,2017-06-14,2017-05-31,ดำรงศักดิ์
บริษัท เอส.บี.อุตสาหกรรมเครื่องเรือน จำกัด,Sales order,On order,1PB01GG160012302450,VSDP17002854,SW-LPA,-910,VNG-S,บางบัวทอง,2017-06-02,2017-05-31,คุณดำรงศักดิ์
บจก.อินเด็กซ์ อินเตอร์เฟิร์น สาขา มหาชัย,Sales order,On order,3LP112021110120,VSDL17000721,SW-LUA,-170,VNG-S,บจก.อินเด็กซ์ อินเตอร์เฟิร์น สาขา มหาชัย,2017-06-01,2017-05-31,คุณไกรฤกษ์
บริษัท เอส.บี.อุตสาหกรรมเครื่องเรือน จำกัด,Sales order,On order,1PB01GG160012302450,VSDP17002855,SW-LPA,-910,VNG-S,บางบัวทอง,2017-06-02,2017-05-31,คุณดำรงศักดิ์
บจก.อินเด็กซ์ อินเตอร์เฟิร์น สาขา มหาชัย,Sales order,On order,3LP116021110120,VSDL17000722,SW-LUA,-845,VNG-S,บจก.อินเด็กซ์ อินเตอร์เฟิร์น สาขา มหาชัย,2017-06-01,2017-05-31,คุณไกรฤกษ์
บจก.อินเด็กซ์ อินเตอร์เฟิร์น สาขา มหาชัย,Sales order,On order,3LP119021110120,VSDL17000723,SW-LUA,-715,VNG-S,บจก.อินเด็กซ์ อินเตอร์เฟิร์น สาขา มหาชัย,2017-06-01,2017-05-31,คุณไกรฤกษ์
บริษัท โมเดอร์นฟอร์มกรุ๊ป จำกัด (มหาชน),Sales order,On order,1PB02GG190012302450,VSDP17002856,SW-LPA,-165,VNG-S,บริษัท โมเดอร์นฟอร์มกรุ๊ป จำกัด (มหาชน),2017-06-02,2017-05-31,คุณสุรพงษ์
บริษัท โมเดอร์นฟอร์มกรุ๊ป จำกัด (มหาชน),Sales order,On order,1PB02GG250012302450,VSDP17002856,SW-LPA,-126,VNG-S,บริษัท โมเดอร์นฟอร์มกรุ๊ป จำกัด (มหาชน),2017-06-02,2017-05-31,คุณสุรพงษ์
บจก.อินเด็กซ์ อินเตอร์เฟิร์น สาขา มหาชัย,Sales order,On order,3LP119021010120,VSDL17000724,SW-LUA,-55,VNG-S,บจก.อินเด็กซ์ อินเตอร์เฟิร์น สาขา มหาชัย,2017-06-01,2017-05-31,คุณไกรฤกษ์
บจก.อินเด็กซ์ อินเตอร์เฟิร์น สาขา มหาชัย,Sales order,On order,3LP119021010120,VSDL17000725,SW-LUA,-55,VNG-S,บจก.อินเด็กซ์ อินเตอร์เฟิร์น สาขา มหาชัย,2017-06-01,2017-05-31,คุณไกรฤกษ์
บจก.อินเด็กซ์ อินเตอร์เฟิร์น สาขา มหาชัย,Sales order,On order,3LP125021110120,VSDL17000727,SW-LUA,-42,VNG-S,บจก.อินเด็กซ์ อินเตอร์เฟิร์น สาขา มหาชัย,2017-06-01,2017-05-31,คุณไกรฤกษ์
บจก.อินเด็กซ์ อินเตอร์เฟิร์น สาขา มหาชัย,Sales order,On order,3LP116022210330,VSDL17000728,SW-LUA,-65,VNG-S,บจก.อินเด็กซ์ อินเตอร์เฟิร์น สาขา มหาชัย,2017-06-01,2017-05-31,คุณไกรฤกษ์
บจก.อินเด็กซ์ อินเตอร์เฟิร์น สาขา มหาชัย,Sales order,On order,3LP125021110120,VSDL17000729,SW-LUA,-42,VNG-S,บจก.อินเด็กซ์ อินเตอร์เฟิร์น สาขา มหาชัย,2017-06-01,2017-05-31,คุณไกรฤกษ์
บจก.อินเด็กซ์ อินเตอร์เฟิร์น สาขา มหาชัย,Sales order,On order,3LP112022210330,VSDL17000730,SW-LUA,-85,VNG-S,บจก.อินเด็กซ์ อินเตอร์เฟิร์น สาขา มหาชัย,2017-06-01,2017-05-31,คุณไกรฤกษ์
บจก.อินเด็กซ์ อินเตอร์เฟิร์น สาขา มหาชัย,Sales order,On order,3LP112024420413,VSDL17000731,SW-LUA,-85,VNG-S,บจก.อินเด็กซ์ อินเตอร์เฟิร์น สาขา มหาชัย,2017-06-01,2017-05-31,คุณไกรฤกษ์
บจก.อินเด็กซ์ อินเตอร์เฟิร์น สาขา มหาชัย,Sales order,On order,3LP125021110120,VSDL17000732,SW-LUA,-126,VNG-S,บจก.อินเด็กซ์ อินเตอร์เฟิร์น สาขา มหาชัย,2017-06-01,2017-05-31,คุณไกรฤกษ์
บจก.อินเด็กซ์ อินเตอร์เฟิร์น สาขา มหาชัย,Sales order,On order,3LP112021110120,VSDL17000733,SW-LUA,-170,VNG-S,บจก.อินเด็กซ์ อินเตอร์เฟิร์น สาขา มหาชัย,2017-06-01,2017-05-31,คุณไกรฤกษ์
บจก.อินเด็กซ์ อินเตอร์เฟิร์น สาขา มหาชัย,Sales order,On order,3LM425021110120,VSDL17000734,SW-LUA,-84,VNG-S,บจก.อินเด็กซ์ อินเตอร์เฟิร์น สาขา มหาชัย,2017-06-01,2017-05-31,คุณไกรฤกษ์
บจก.อินเด็กซ์ อินเตอร์เฟิร์น สาขา มหาชัย,Sales order,On order,3LM416021110120,VSDL17000735,SW-LUA,-130,VNG-S,บจก.อินเด็กซ์ อินเตอร์เฟิร์น สาขา มหาชัย,2017-06-01,2017-05-31,คุณไกรฤกษ์
บจก.อินเด็กซ์ อินเตอร์เฟิร์น สาขา มหาชัย,Sales order,On order,3LM419021110120,VSDL17000736,SW-LUA,-55,VNG-S,บจก.อินเด็กซ์ อินเตอร์เฟิร์น สาขา มหาชัย,2017-06-01,2017-05-31,คุณไกรฤกษ์
ห้างหุ้นส่วนจำกัด กุลวิชญ์ค้าไม้,Sales order,On order,1PB02NG120012302450,VSDP17002857,SW-LPA,-595,VNG-S,ส่ง เนรภูศรี - แจ้งก่อนส่งด้วยครับ,2017-06-02,2017-05-31,คุณวัชรชัย
บจก.อินเด็กซ์ อินเตอร์เฟิร์น สาขา มหาชัย,Sales order,On order,3LM412021120610,VSDL17000737,SW-LUA,-20,VNG-S,บจก.อินเด็กซ์ อินเตอร์เฟิร์น สาขา มหาชัย,2017-06-01,2017-05-31,คุณไกรฤกษ์
บริษัท ย่งพงษ์เส็งรังสิต จำกัด,Sales order,On order,1PB02GG250012302450,VSDP17002858,SW-LPA,-126,VNG-S,พร้อมเมลามีน,2017-06-03,2017-05-31,คุณประดิษฐ์
บจก.อินเด็กซ์ อินเตอร์เฟิร์น สาขา มหาชัย,Sales order,On order,3LM419021110120,VSDL17000739,SW-LUA,-55,VNG-S,บจก.อินเด็กซ์ อินเตอร์เฟิร์น สาขา มหาชัย,2017-06-01,2017-05-31,คุณไกรฤกษ์
บจก.อินเด็กซ์ อินเตอร์เฟิร์น สาขา มหาชัย,Sales order,On order,3LM425021110120,VSDL17000740,SW-LUA,-126,VNG-S,บจก.อินเด็กซ์ อินเตอร์เฟิร์น สาขา มหาชัย,2017-06-01,2017-05-31,คุณไกรฤกษ์
บริษัท รวมเจริญ วู๊ด มาร์เก็ตติ้ง จำกัด,Sales order,On order,1PB02NG150012302450,VSDP17002859,SW-LPA,"-1,050.00",VNG-S,บริษัท รวมเจริญ วู๊ด มาร์เก็ตติ้ง จำกัด,2017-06-01,2017-05-31,คุณดำรงศักดิ์
บจก.อินเด็กซ์ อินเตอร์เฟิร์น สาขา มหาชัย,Sales order,On order,3LM416021110120,VSDL17000741,SW-LUA,-130,VNG-S,บจก.อินเด็กซ์ อินเตอร์เฟิร์น สาขา มหาชัย,2017-06-01,2017-05-31,คุณไกรฤกษ์
บริษัท รวมเจริญ วู๊ด มาร์เก็ตติ้ง จำกัด,Sales order,On order,1PB02NG150012302450,VSDP17002860,SW-LPA,"-1,050.00",VNG-S,บริษัท รวมเจริญ วู๊ด มาร์เก็ตติ้ง จำกัด,2017-06-01,2017-05-31,คุณดำรงศักดิ์
บจก.ซีอาร์ซี ไทวัสดุ (สาขาคลังสินค้าวังน้อย),Sales order,On order,2F20892051GGA10260KA,VSDF17000963,SW-LFA,"-3,840.00",VNG-S,รับสินค้าที่โรงงาน,2017-06-09,2017-05-31,คุณพิมพ์ลภัทร
บจก.อินเด็กซ์ อินเตอร์เฟิร์น สาขา มหาชัย,Sales order,On order,3LP116024420610,VSDL17000743,SW-LUA,-260,VNG-S,บจก.อินเด็กซ์ อินเตอร์เฟิร์น สาขา มหาชัย,2017-06-01,2017-05-31,คุณไกรฤกษ์
บริษัท รวมเจริญ วู๊ด มาร์เก็ตติ้ง จำกัด,Sales order,On order,1PB02NG150012302450,VSDP17002861,SW-LPA,"-1,050.00",VNG-S,บริษัท รวมเจริญ วู๊ด มาร์เก็ตติ้ง จำกัด,2017-06-01,2017-05-31,คุณดำรงศักดิ์
บจก.อินเด็กซ์ อินเตอร์เฟิร์น สาขา มหาชัย,Sales order,On order,3LP112024420610,VSDL17000744,SW-LUA,-85,VNG-S,บจก.อินเด็กซ์ อินเตอร์เฟิร์น สาขา มหาชัย,2017-06-01,2017-05-31,คุณไกรฤกษ์
บจก.ซีอาร์ซี ไทวัสดุ (สาขาคลังสินค้าวังน้อย),Sales order,On order,1BJSK0040189580351BO,VSDB17000090,SW-LBA,-540,VNG-S,รับสินค้าที่โรงงาน,2017-06-09,2017-05-31,คุณพิมพ์ลภัทร
บจก.ซีอาร์ซี ไทวัสดุ (สาขาคลังสินค้าวังน้อย),Sales order,On order,1BJSK0040189580028BO,VSDB17000090,SW-LBA,-540,VNG-S,รับสินค้าที่โรงงาน,2017-06-09,2017-05-31,คุณพิมพ์ลภัทร
บจก.ซีอาร์ซี ไทวัสดุ (สาขาคลังสินค้าวังน้อย),Sales order,On order,1BJSK0040189580025BO,VSDB17000090,SW-LBA,-540,VNG-S,รับสินค้าที่โรงงาน,2017-06-09,2017-05-31,คุณพิมพ์ลภัทร
บจก.ซีอาร์ซี ไทวัสดุ (สาขาคลังสินค้าวังน้อย),Sales order,On order,1BJSK0040189580033BO,VSDB17000090,SW-LBA,-90,VNG-S,รับสินค้าที่โรงงาน,2017-06-09,2017-05-31,คุณพิมพ์ลภัทร
บจก.อินเด็กซ์ อินเตอร์เฟิร์น สาขา มหาชัย,Sales order,On order,3LP225024420610,VSDL17000745,SW-LUA,-84,VNG-S,บจก.อินเด็กซ์ อินเตอร์เฟิร์น สาขา มหาชัย,2017-06-01,2017-05-31,คุณไกรฤกษ์
บริษัท รวมเจริญ วู๊ด มาร์เก็ตติ้ง จำกัด,Sales order,On order,1PB02NG150012302450,VSDP17002862,SW-LPA,"-1,050.00",VNG-S,บริษัท รวมเจริญ วู๊ด มาร์เก็ตติ้ง จำกัด,2017-06-01,2017-05-31,คุณดำรงศักดิ์
บจก.อินเด็กซ์ อินเตอร์เฟิร์น สาขา มหาชัย,Sales order,On order,3LP125021110120,VSDL17000746,SW-LUA,-42,VNG-S,บจก.อินเด็กซ์ อินเตอร์เฟิร์น สาขา มหาชัย,2017-06-01,2017-05-31,คุณไกรฤกษ์
บจก.ซีอาร์ซี ไทวัสดุ (สาขาคลังสินค้าวังน้อย),Sales order,On order,1BJSK0080155080028BO,VSDB17000090,SW-LBA,-160,VNG-S,รับสินค้าที่โรงงาน,2017-06-09,2017-05-31,คุณพิมพ์ลภัทร
บริษัท รวมเจริญ วู๊ด มาร์เก็ตติ้ง จำกัด,Sales order,On order,1PB02NG150012302450,VSDP17002863,SW-LPA,"-1,050.00",VNG-S,บริษัท รวมเจริญ วู๊ด มาร์เก็ตติ้ง จำกัด,2017-06-01,2017-05-31,คุณดำรงศักดิ์
บจก.อินเด็กซ์ อินเตอร์เฟิร์น สาขา มหาชัย,Sales order,On order,3LP119022210330,VSDL17000726,SW-LUA,-55,VNG-S,บจก.อินเด็กซ์ อินเตอร์เฟิร์น สาขา มหาชัย,2017-06-01,2017-05-31,คุณไกรฤกษ์
บจก.ซีอาร์ซี ไทวัสดุ (สาขาคลังสินค้าวังน้อย),Sales order,On order,1BJSK0080155080025BO,VSDB17000091,SW-LBA,-320,VNG-S,รับสินค้าที่โรงงาน,2017-06-09,2017-05-31,คุณพิมพ์ลภัทร
บจก.ซีอาร์ซี ไทวัสดุ (สาขาคลังสินค้าวังน้อย),Sales order,On order,1BJSK0080155080033BO,VSDB17000091,SW-LBA,-320,VNG-S,รับสินค้าที่โรงงาน,2017-06-09,2017-05-31,คุณพิมพ์ลภัทร
บจก.อินเด็กซ์ อินเตอร์เฟิร์น สาขา มหาชัย,Sales order,On order,3LP119021110120,VSDL17000747,SW-LUA,-550,VNG-S,บจก.อินเด็กซ์ อินเตอร์เฟิร์น สาขา มหาชัย,2017-06-01,2017-05-31,คุณไกรฤกษ์
บริษัท รวมเจริญ วู๊ด มาร์เก็ตติ้ง จำกัด,Sales order,On order,1PB02NG150012302450,VSDP17002864,SW-LPA,"-1,050.00",VNG-S,บริษัท รวมเจริญ วู๊ด มาร์เก็ตติ้ง จำกัด,2017-06-01,2017-05-31,คุณดำรงศักดิ์
บจก.อินเด็กซ์ อินเตอร์เฟิร์น สาขา มหาชัย,Sales order,On order,3LP119021110120,VSDL17000748,SW-LUA,-715,VNG-S,บจก.อินเด็กซ์ อินเตอร์เฟิร์น สาขา มหาชัย,2017-06-01,2017-05-31,คุณไกรฤกษ์
บจก.อินเด็กซ์ อินเตอร์เฟิร์น สาขา มหาชัย,Sales order,On order,3LP116021110120,VSDL17000749,SW-LUA,-845,VNG-S,บจก.อินเด็กซ์ อินเตอร์เฟิร์น สาขา มหาชัย,2017-06-01,2017-05-31,คุณไกรฤกษ์
บริษัท รวมเจริญ วู๊ด มาร์เก็ตติ้ง จำกัด,Sales order,On order,1PB02NG150012302450,VSDP17002865,SW-LPA,"-1,050.00",VNG-S,บริษัท รวมเจริญ วู๊ด มาร์เก็ตติ้ง จำกัด,2017-06-01,2017-05-31,คุณดำรงศักดิ์
บจก.อินเด็กซ์ อินเตอร์เฟิร์น สาขา มหาชัย,Sales order,On order,3LP116024420610,VSDL17000750,SW-LUA,-130,VNG-S,บจก.อินเด็กซ์ อินเตอร์เฟิร์น สาขา มหาชัย,2017-06-01,2017-05-31,คุณไกรฤกษ์
บจก.อินเด็กซ์ อินเตอร์เฟิร์น สาขา มหาชัย,Sales order,On order,3LP119021110330,VSDL17000751,SW-LUA,-55,VNG-S,บจก.อินเด็กซ์ อินเตอร์เฟิร์น สาขา มหาชัย,2017-06-01,2017-05-31,คุณไกรฤกษ์
บริษัท รวมเจริญ วู๊ด มาร์เก็ตติ้ง จำกัด,Sales order,On order,1PB02NG150012302450,VSDP17002866,SW-LPA,"-1,050.00",VNG-S,บริษัท รวมเจริญ วู๊ด มาร์เก็ตติ้ง จำกัด,2017-06-01,2017-05-31,คุณดำรงศักดิ์
บจก.อินเด็กซ์ อินเตอร์เฟิร์น สาขา มหาชัย,Sales order,On order,3LP112021110120,VSDL17000752,SW-LUA,-85,VNG-S,บจก.อินเด็กซ์ อินเตอร์เฟิร์น สาขา มหาชัย,2017-06-01,2017-05-31,คุณไกรฤกษ์
บจก.อินเด็กซ์ อินเตอร์เฟิร์น สาขา มหาชัย,Sales order,On order,3LP112021110120,VSDL17000752,SW-LUA,-85,VNG-S,บจก.อินเด็กซ์ อินเตอร์เฟิร์น สาขา มหาชัย,2017-06-01,2017-05-31,คุณไกรฤกษ์
บริษัท รวมเจริญ วู๊ด มาร์เก็ตติ้ง จำกัด,Sales order,On order,1PB02NG150012302450,VSDP17002867,SW-LPA,"-1,050.00",VNG-S,บริษัท รวมเจริญ วู๊ด มาร์เก็ตติ้ง จำกัด,2017-06-01,2017-05-31,คุณดำรงศักดิ์
บจก.อินเด็กซ์ อินเตอร์เฟิร์น สาขา มหาชัย,Sales order,On order,3LP125021110120,VSDL17000753,SW-LUA,-84,VNG-S,บจก.อินเด็กซ์ อินเตอร์เฟิร์น สาขา มหาชัย,2017-06-01,2017-05-31,คุณไกรฤกษ์
บจก.อินเด็กซ์ อินเตอร์เฟิร์น สาขา มหาชัย,Sales order,On order,3LP128021010120,VSDL17000754,SW-LUA,-38,VNG-S,บจก.อินเด็กซ์ อินเตอร์เฟิร์น สาขา มหาชัย,2017-06-01,2017-05-31,คุณไกรฤกษ์
บจก.อินเด็กซ์ อินเตอร์เฟิร์น สาขา มหาชัย,Sales order,On order,3LP409021110120,VSDL17000742,SW-LUA,-112,VNG-S,บจก.อินเด็กซ์ อินเตอร์เฟิร์น สาขา มหาชัย,2017-06-01,2017-05-31,คุณไกรฤกษ์
บริษัท รวมเจริญ วู๊ด มาร์เก็ตติ้ง จำกัด,Sales order,On order,1PB02NG150012302450,VSDP17002868,SW-LPA,"-1,050.00",VNG-S,บริษัท รวมเจริญ วู๊ด มาร์เก็ตติ้ง จำกัด,2017-06-01,2017-05-31,คุณดำรงศักดิ์
บริษัท ที.เอ็ม.พี.วู้ด จำกัด,Sales order,On order,3LP216022210120,VSDL17000755,SW-LUA,-910,VNG-S,S-วู้ดเมลามีนอาร์ต ใบชั่วคราว,2017-06-02,2017-05-31,คุณวัชรชัย
บริษัท ที.เอ็ม.พี.วู้ด จำกัด,Sales order,On order,3LP216022210120,VSDL17000756,SW-LUA,-910,VNG-S,S-วู้ดเมลามีนอาร์ต ใบชั่วคราว,2017-06-03,2017-05-31,คุณวัชรชัย
บจก.ดีไซน์ ออลเทอร์เนทีฟ,Sales order,On order,3LP109022210120,VSDL17000757,SW-LUA,-111,VNG-S,บจก.ดีไซน์ ออลเทอร์เนทีฟ,2017-06-06,2017-05-31,คุณสุภาพ
บจก.ดีไซน์ ออลเทอร์เนทีฟ,Sales order,On order,3LP116022210120,VSDL17000757,SW-LUA,-259,VNG-S,บจก.ดีไซน์ ออลเทอร์เนทีฟ,2017-06-06,2017-05-31,คุณสุภาพ
บริษัท เอส.บี.อุตสาหกรรมเครื่องเรือน จำกัด,Sales order,On order,1PB01GG250012302450,VSDP17002869,SW-LPA,-630,VNG-S,บางบัวทอง,2017-06-05,2017-05-31,คุณดำรงศักดิ์
บจก.ดีไซน์ ออลเทอร์เนทีฟ,Sales order,On order,3LP128022810120,VSDL17000758,SW-LUA,-17,VNG-S,บจก.ดีไซน์ ออลเทอร์เนทีฟ,2017-06-06,2017-05-31,คุณสุภาพ
บริษัท เอส.บี.อุตสาหกรรมเครื่องเรือน จำกัด,Sales order,On order,1PB01GG120012302450,VSDP17002870,SW-LPA,"-1,445.00",VNG-S,บางบัวทอง,2017-06-06,2017-05-31,คุณดำรงศักดิ์
บจก.อินเด็กซ์ อินเตอร์เฟิร์น สาขา มหาชัย,Sales order,On order,3LM216021120610,VSDL17000738,SW-LUA,-65,VNG-S,บจก.อินเด็กซ์ อินเตอร์เฟิร์น สาขา มหาชัย,2017-06-01,2017-05-31,คุณไกรฤกษ์
บริษัท สักทอง(ไทย) จำกัด,Sales order,On order,1PB01GG180012302450,VSDP17002872,SW-LPA,-840,VNG-S,ปากเกร็ด,2017-06-06,2017-05-31,ดำรงศักดิ์
บริษัท สักทอง(ไทย) จำกัด,Sales order,On order,1PB01GG120012302450,VSDP17002871,SW-LPA,"-1,190.00",VNG-S,ปากเกร็ด,2017-06-05,2017-05-31,คุณดำรงศักดิ์
บริษัท พี.เอช.เค.ซัพพลาย จำกัด,Sales order,On order,4MBP2FS055012302450,VSDS17000584,SW-LMA,-360,VNG-S,พูนธนาทรัพย์ คลอง 14 + PB 15 NG,2017-06-02,2017-06-01,คุณวัชรชัย
บริษัท พี.เอช.เค.ซัพพลาย จำกัด,Sales order,On order,1PB02NG150012302450,VSDP17002873,SW-LPA,"-1,050.00",VNG-S,รับเอง พิชัยเฟอร์นิเจอร์ (ใช้ใบชั่วคราวส่ง),2017-06-01,2017-06-01,คุณวัชรชัย
บริษัท พี.เอช.เค.ซัพพลาย จำกัด,Sales order,On order,1PB02NG150012302450,VSDP17002874,SW-LPA,"-1,050.00",VNG-S,รับเอง พิชัยเฟอร์นิเจอร์ (ใช้ใบชั่วคราวส่ง),2017-06-01,2017-06-01,คุณวัชรชัย
บริษัท พี.เอช.เค.ซัพพลาย จำกัด,Sales order,On order,1PB02NG150012302450,VSDP17002875,SW-LPA,"-1,050.00",VNG-S,รับเอง - เชียงใหม่เฮงล้ง ใบชั่วคราว,2017-06-01,2017-06-01,คุณวัชรชัย
บจก. เอนเทค สิมิลัน,Sales order,On order,3F20892051GGA10732BO,VSDF17000964,SW-L3A,"-8,640.00",VNG-S,โครงการพลัม แจ้งวัฒนะ,2017-06-02,2017-06-01,คุณสุพัตรา
บริษัท พี.เอช.เค.ซัพพลาย จำกัด,Sales order,On order,1PB02NG150012302450,VSDP17002876,SW-LPA,"-1,050.00",VNG-S,รับเอง - เชียงใหม่เฮงล้ง ใบชั่วคราว,2017-06-01,2017-06-01,คุณวัชรชัย
บริษัท พี.เอช.เค.ซัพพลาย จำกัด,Sales order,On order,1PB02NG150012302450,VSDP17002877,SW-LPA,"-1,050.00",VNG-S,รับเอง - S.R.C -ใบชั่วคราว,2017-06-01,2017-06-01,คุณวัชรชัย
บริษัท รวมเจริญ วู๊ด มาร์เก็ตติ้ง จำกัด,Sales order,On order,1PB02NG150012302450,VSDP17002878,SW-LPA,-280,VNG-S,รับเอง-ไม่เอาหมอน,2017-06-01,2017-06-01,คุณดำรงศักดิ์
บริษัท รวมเจริญ วู๊ด มาร์เก็ตติ้ง จำกัด,Sales order,On order,1PB02NG150012302450,VSDP17002879,SW-LPA,-280,VNG-S,รับเอง-ไม่เอาหมอน,2017-06-01,2017-06-01,คุณดำรงศักดิ์
บริษัท ลานนาไม้อัดไทย จำกัด,Sales order,On order,1PB02NG120012302450,VSDP17002880,SW-LPA,-595,VNG-S,โกดัง 2,2017-06-02,2017-06-01,คุณดำรงศักดิ์
บริษัท ลานนาไม้อัดไทย จำกัด,Sales order,On order,1PB02NG120012302450,VSDP17002881,SW-LPA,-595,VNG-S,โกดัง 2,2017-06-02,2017-06-01,คุณดำรงศักดิ์
บริษัท ลานนาไม้อัดไทย จำกัด,Sales order,On order,1PB02NG150012302450,VSDP17002882,SW-LPA,"-1,050.00",VNG-S,โกดัง 2,2017-06-03,2017-06-01,คุณดำรงศักดิ์
บริษัท พี.เอช.เค.ซัพพลาย จำกัด,Sales order,On order,1PB02NG180012302450,VSDP17002883,SW-LPA,-420,VNG-S,ไทโยเฟอร์นิเทค (ปากช่อง) - ใบชั่วคราว,2017-06-02,2017-06-01,คุณวัชรชัย
บริษัท ทรัพย์ลีลา จำกัด,Sales order,On order,1PB02NG120012302450,VSDP17002884,SW-LPA,-170,VNG-S,ส่ง ธงชัยหีบทอง (ชัยภูมิ) - ใบชั่วคราว,2017-06-02,2017-06-01,คุณวิรัช
บริษัท ทรัพย์ลีลา จำกัด,Sales order,On order,1PB02NG090012302450,VSDP17002884,SW-LPA,-660,VNG-S,ส่ง ธงชัยหีบทอง (ชัยภูมิ) - ใบชั่วคราว,2017-06-02,2017-06-01,คุณวิรัช
บริษัท เอสซีจี ซิเมนต์-ผลิตภัณฑ์ก่อสร้าง จำกัด,Sales order,On order,3F21293053GGA30240UN,VSDF17000965,SW-L3A,"-1,400.00",VNG-S,DC วังน้อย,2017-06-02,2017-06-01,คุณสุทธิรักษ์
บริษัท เอสซีจี ซิเมนต์-ผลิตภัณฑ์ก่อสร้าง จำกัด,Sales order,On order,3F20892053GGA10630UN,VSDF17000965,SW-L3A,-72,VNG-S,DC วังน้อย,2017-06-02,2017-06-01,คุณสุทธิรักษ์
บริษัท เอสซีจี ซิเมนต์-ผลิตภัณฑ์ก่อสร้าง จำกัด,Sales order,On order,3F20892053GGA10625UN,VSDF17000965,SW-L3A,"-4,984.00",VNG-S,DC วังน้อย,2017-06-02,2017-06-01,คุณสุทธิรักษ์
บริษัท ทรัพย์ลีลา จำกัด,Sales order,On order,1PB02NG120012302450,VSDP17002885,SW-LPA,-170,VNG-S,ส่ง ธงชัยหีบทอง (ชัยภูมิ) - ใบชั่วคราว,2017-06-02,2017-06-01,คุณวิรัช
บริษัท เอสซีจี ซิเมนต์-ผลิตภัณฑ์ก่อสร้าง จำกัด,Sales order,On order,3F20892053GGA10623UN,VSDF17000965,SW-L3A,"-1,440.00",VNG-S,DC วังน้อย,2017-06-02,2017-06-01,คุณสุทธิรักษ์
บริษัท ทรัพย์ลีลา จำกัด,Sales order,On order,1PB02NG090012302450,VSDP17002885,SW-LPA,-550,VNG-S,ส่ง ธงชัยหีบทอง (ชัยภูมิ) - ใบชั่วคราว,2017-06-02,2017-06-01,คุณวิรัช
บริษัท อีสต์โคสท์เฟอร์นิเทค จำกัด (มหาชน),Sales order,On order,1PB01GG310012302450,VSDP17002886,SW-LPA,-320,VNG-S,บริษัท อีสต์โคสท์เฟอร์นิเทค จำกัด (มหาชน),2017-06-01,2017-06-01,คุณไกรฤกษ์
บริษัท อีสต์โคสท์เฟอร์นิเทค จำกัด (มหาชน),Sales order,On order,1PB01GG310012302450,VSDP17002887,SW-LPA,-320,VNG-S,บริษัท อีสต์โคสท์เฟอร์นิเทค จำกัด (มหาชน),2017-06-01,2017-06-01,คุณไกรฤกษ์
บริษัท อีสต์โคสท์เฟอร์นิเทค จำกัด (มหาชน),Sales order,On order,1PB02GG180012302450,VSDP17002888,SW-LPA,-780,VNG-S,บริษัท อีสต์โคสท์เฟอร์นิเทค จำกัด (มหาชน),2017-06-01,2017-06-01,คุณไกรฤกษ์
บริษัท ฟลอร์เอฟเวอร์ จำกัด,Sales order,On order,3F20892051GGA30611BO,VSDF17000966,SW-L3A,"-8,640.00",VNG-S,โกดังฟลอร์เอฟเวอร์,2017-06-03,2017-06-01,คุณสันติ์สิทธิ์
บริษัท อีสต์โคสท์เฟอร์นิเทค จำกัด (มหาชน),Sales order,On order,1PB02FS120012301840,VSDP17002889,SW-LPA,"-1,360.00",VNG-S,บริษัท อีสต์โคสท์เฟอร์นิเทค จำกัด (มหาชน),2017-06-01,2017-06-01,คุณไกรฤกษ์
บริษัท อีสต์โคสท์เฟอร์นิเทค จำกัด (มหาชน),Sales order,On order,1PB02FS120012302450,VSDP17002890,SW-LPA,"-1,105.00",VNG-S,บริษัท อีสต์โคสท์เฟอร์นิเทค จำกัด (มหาชน),2017-06-01,2017-06-01,คุณไกรฤกษ์
บริษัท อีสต์โคสท์เฟอร์นิเทค จำกัด (มหาชน),Sales order,On order,1PB02FS120012302450,VSDP17002891,SW-LPA,"-1,105.00",VNG-S,บริษัท อีสต์โคสท์เฟอร์นิเทค จำกัด (มหาชน),2017-06-01,2017-06-01,คุณไกรฤกษ์
บริษัท อีสต์โคสท์เฟอร์นิเทค จำกัด (มหาชน),Sales order,On order,1PB02FS150012302450,VSDP17002892,SW-LPA,-910,VNG-S,บริษัท อีสต์โคสท์เฟอร์นิเทค จำกัด (มหาชน),2017-06-01,2017-06-01,คุณไกรฤกษ์
บริษัท อีสต์โคสท์เฟอร์นิเทค จำกัด (มหาชน),Sales order,On order,1PB02FS150012302450,VSDP17002893,SW-LPA,-910,VNG-S,บริษัท อีสต์โคสท์เฟอร์นิเทค จำกัด (มหาชน),2017-06-01,2017-06-01,คุณไกรฤกษ์
บริษัท อีสต์โคสท์เฟอร์นิเทค จำกัด (มหาชน),Sales order,On order,1PB02FS150012302450,VSDP17002894,SW-LPA,-910,VNG-S,บริษัท อีสต์โคสท์เฟอร์นิเทค จำกัด (มหาชน),2017-06-01,2017-06-01,คุณไกรฤกษ์
บริษัท ฟลอร์เอฟเวอร์ จำกัด,Sales order,On order,3F20892051GGA30611BO,VSDF17000967,SW-L3A,"-8,640.00",VNG-S,โครงการ L-Park เพชรเกษม 98 เฟส 2,2017-06-05,2017-06-01,คุณสันติ์สิทธิ์
บริษัท พี.เอช.เค.ซัพพลาย จำกัด,Sales order,On order,1PB02NG180012302450,VSDP17002895,SW-LPA,-360,VNG-S,S.P.ลามิเนท (ไทโยเฟอร์นิเทค) - ใบชั่วคราวส่ง,2017-06-05,2017-06-01,คุณวัชรชัย
บริษัท ที.เอ็ม.พี.วู้ด จำกัด,Sales order,On order,4MBP2FS090012302450,VSDS17000585,SW-LMA,"-1,650.00",VNG-S,TMP - เช้า ๆๆๆๆ,2017-06-02,2017-06-01,คุณวัชรชัย
บริษัท ทรัพย์ลีลา จำกัด,Sales order,On order,4MBP2FS060012302450,VSDS17000586,SW-LMA,"-2,310.00",VNG-S,ทรัพย์ลีลา **รอเซลส์แจ้งส่ง**,2017-06-01,2017-06-01,คุณวิรัช
