Name,Reference,Issue status,Item number,Number,Warehouse,Quantity,Site,,
บจก.อินเด็กซ์ อินเตอร์เฟิร์น สาขา มหาชัย,Sales order,On order,1PB01GG160012302450,VSDP16001766,SW-LPA,-910,VNG-S,บจก.อินเด็กซ์ อินเตอร์เฟิร์น สาขา มหาชัย,2017-01-05
บริษัท ทรัพย์ลีลา จำกัด,Sales order,On order,3LP216024420610,VSDL17000110,SW-LUA,-65,VNG-S,ส่งก่อนเที่ยง-ไม่เกิน15.30น,2017-01-20
บริษัท เอส.พี.เอส.อินเตอร์เทค จำกัด,Sales order,On order,1PB01S4090012302450,VSDP17000722,SW-LPA,"-1,430.00",VNG-S,ส่งเอสพี่เอสโคฯ,2017-02-08
บริษัท ทรัพย์ลีลา จำกัด,Sales order,On order,1PB02NG150012302450,VSDP17001204,SW-LPA,"-1,050.00",VNG-S,รับเอง-ใบชั่วคราว,2017-03-01
บริษัท เอช.ที.บอร์ด จำกัด,Sales order,On order,1PB02NG150012302450,VSDP17001205,SW-LPA,"-1,050.00",VNG-S,รับเอง-ใบชั่วคราว,2017-03-01
บจก.อินเด็กซ์ อินเตอร์เฟิร์น สาขา มหาชัย,Sales order,On order,1PB01GG120012302450,VSDP17001221,SW-LPA,-340,VNG-S,บจก.อินเด็กซ์ อินเตอร์เฟิร์น สาขา มหาชัย,2017-03-02
หจก.เกรียงไกรค้าไม้,Sales order,On order,4MBP2FS055012302450,VSDS17000216,SW-LMA,"-1,260.00",VNG-S,หจก.เกรียงไกรค้าไม้,2017-03-08
บริษัท ทรัพย์ลีลา จำกัด,Sales order,On order,1PB02NG150012302450,VSDP17001330,SW-LPA,"-1,050.00",VNG-S,รับเอง-ใบชั่วคราว,2017-03-06
บริษัท รวมเจริญ วู๊ด มาร์เก็ตติ้ง จำกัด,Sales order,On order,1PB02NG180012302450,VSDP17001438,SW-LPA,-900,VNG-S,บริษัท รวมเจริญ วู๊ด มาร์เก็ตติ้ง จำกัด,2017-03-13
บริษัท รวมเจริญ วู๊ด มาร์เก็ตติ้ง จำกัด,Sales order,On order,1PB02NG180012302450,VSDP17001462,SW-LPA,-900,VNG-S,พระประแดง,2017-03-22
บริษัท รวมเจริญ วู๊ด มาร์เก็ตติ้ง จำกัด,Sales order,On order,1PB02NG160012302450,VSDP17001530,SW-LPA,-975,VNG-S,บริษัท รวมเจริญ วู๊ด มาร์เก็ตติ้ง จำกัด,2017-03-16
บริษัท เอช.ที.บอร์ด จำกัด,Sales order,On order,1PB02NG150012302450,VSDP17001617,SW-LPA,"-1,050.00",VNG-S,นีวู๊ด (สุรินทร์เฟอร์) *ให้ไม้หมอนเลยคิดเงินแล้ว*,2017-03-22
บริษัท รวมเจริญ วู๊ด มาร์เก็ตติ้ง จำกัด,Sales order,On order,1PB02NG150012302450,VSDP17001862,SW-LPA,-70,VNG-S,บริษัท รวมเจริญ วู๊ด มาร์เก็ตติ้ง จำกัด,2017-04-01
บริษัท รวมเจริญ วู๊ด มาร์เก็ตติ้ง จำกัด,Sales order,On order,1PB02NG150012302450,VSDP17001863,SW-LPA,-70,VNG-S,บริษัท รวมเจริญ วู๊ด มาร์เก็ตติ้ง จำกัด,2017-04-01
บริษัท รวมเจริญ วู๊ด มาร์เก็ตติ้ง จำกัด,Sales order,On order,1PB02NG150012302450,VSDP17001865,SW-LPA,"-1,050.00",VNG-S,บริษัท รวมเจริญ วู๊ด มาร์เก็ตติ้ง จำกัด,2017-04-01
บริษัท รวมเจริญ วู๊ด มาร์เก็ตติ้ง จำกัด,Sales order,On order,1PB02NG150012302450,VSDP17001866,SW-LPA,"-1,050.00",VNG-S,บริษัท รวมเจริญ วู๊ด มาร์เก็ตติ้ง จำกัด,2017-04-01
บริษัท รวมเจริญ วู๊ด มาร์เก็ตติ้ง จำกัด,Sales order,On order,1PB02NG150012302450,VSDP17001867,SW-LPA,"-1,050.00",VNG-S,บริษัท รวมเจริญ วู๊ด มาร์เก็ตติ้ง จำกัด,2017-04-01
บริษัท รวมเจริญ วู๊ด มาร์เก็ตติ้ง จำกัด,Sales order,On order,1PB02NG150012302450,VSDP17001868,SW-LPA,-70,VNG-S,บริษัท รวมเจริญ วู๊ด มาร์เก็ตติ้ง จำกัด,2017-04-01
บริษัท รวมเจริญ วู๊ด มาร์เก็ตติ้ง จำกัด,Sales order,On order,1PB02NG150012302450,VSDP17001868,SW-LPA,-980,VNG-S,บริษัท รวมเจริญ วู๊ด มาร์เก็ตติ้ง จำกัด,2017-04-01
บริษัท เกียรติถาวร พาราวู้ด จำกัด,Sales order,On order,1PB02NG120012302450,VSDP17001869,SW-LPA,-595,VNG-S,มารับเอง,2017-04-01
บริษัท เกียรติถาวร พาราวู้ด จำกัด,Sales order,On order,1PB02NG120012302450,VSDP17001870,SW-LPA,-595,VNG-S,มารับเอง,2017-04-01
บริษัท ซีอาร์ซี ไทวัสดุ จำกัด (สาขาสุรินทร์),Sales order,On order,1PB02NG090012302450,VSDP17001894,SW-LPA,-110,VNG-S,ปทุม **ติดบาร์โค๊ต**,2017-04-04
บริษัท รวมเจริญ วู๊ด มาร์เก็ตติ้ง จำกัด,Sales order,On order,4MBP2FS150012302450,VSDS17000350,SW-LMA,-952,VNG-S,บริษัท รวมเจริญ วู๊ด มาร์เก็ตติ้ง จำกัด,2017-04-03
บริษัท รวมเจริญ วู๊ด มาร์เก็ตติ้ง จำกัด,Sales order,On order,4MBP2FS040012302450,VSDS17000352,SW-LMA,-250,VNG-S,บริษัท รวมเจริญ วู๊ด มาร์เก็ตติ้ง จำกัด,2017-04-03
บริษัท ที.เอ็ม.พี.วู้ด จำกัด,Sales order,On order,4MBP2FS090012302450,VSDS17000356,SW-LMA,-220,VNG-S,T.M.P,2017-04-04
บริษัท ที.เอ็ม.พี.วู้ด จำกัด,Sales order,On order,1PB01GG160012302450,VSDP17001928,SW-LPA,-975,VNG-S,รอเซลส์แจ้งส่ง - ใบชั่วคราว,2017-04-03
บริษัท ซีอาร์ซี ไทวัสดุ จำกัด (สาขาจันทบุรี),Sales order,On order,1PB02NG120012302450,VSDP17001933,SW-LPA,-85,VNG-S,ปทุม **ติดบาร์โค๊ต**,2017-04-05
บริษัท ซีอาร์ซี ไทวัสดุ จำกัด (สาขาจันทบุรี),Sales order,On order,1PB02NG180012302450,VSDP17001933,SW-LPA,-60,VNG-S,ปทุม **ติดบาร์โค๊ต**,2017-04-05
บริษัท นีสเทิร์น อินดัสทรี่ จำกัด,Sales order,On order,1PB02NG120012302450,VSDP17001942,SW-LPA,-425,VNG-S,โคราช,2017-04-05
บริษัท นีสเทิร์น อินดัสทรี่ จำกัด,Sales order,On order,1PB02NG120012302450,VSDP17001943,SW-LPA,-425,VNG-S,โคราช,2017-04-05
บริษัท แกรนด์ดิส จำกัด,Sales order,On order,1PB02NG150012302450,VSDP17001944,SW-LPA,-35,VNG-S,บริษัท แกรนด์ดิส จำกัด,2017-04-05
บริษัท แกรนด์ดิส จำกัด,Sales order,On order,1PB02NG150012302450,VSDP17001945,SW-LPA,-35,VNG-S,บริษัท แกรนด์ดิส จำกัด,2017-04-05
บริษัท พี.เอช.เค.ซัพพลาย จำกัด,Sales order,On order,1PB02NG150012302450,VSDP17001946,SW-LPA,-70,VNG-S,พูนธนาทรัพย์ (คลอง 14),2017-04-05
บริษัท พี.เอช.เค.ซัพพลาย จำกัด,Sales order,On order,1PB02NG150012302450,VSDP17001947,SW-LPA,-70,VNG-S,พูนธนาทรัพย์ (คลอง 14),2017-04-07
บริษัท นีสเทิร์น อินดัสทรี่ จำกัด,Sales order,On order,1PB02NG150012302000,VSDP17001951,SW-LPA,-140,VNG-S,บริษัท นีสเทิร์น อินดัสทรี่ จำกัด,2017-04-07
บริษัท เอส.บี.อุตสาหกรรมเครื่องเรือน จำกัด,Sales order,On order,1PB01GG160012302450,VSDP17001954,SW-LPA,-910,VNG-S,บางบัวทอง,2017-04-10
บริษัท รวมเจริญ วู๊ด มาร์เก็ตติ้ง จำกัด,Sales order,On order,4MBP2FS090012302450,VSDS17000378,SW-LMA,"-1,540.00",VNG-S,พระประแดง,2017-04-04
บริษัท รวมเจริญ วู๊ด มาร์เก็ตติ้ง จำกัด,Sales order,On order,4MBP2FS090012302450,VSDS17000380,SW-LMA,-110,VNG-S,เมโทรท๊อป (พระนั่งเกล้า),2017-04-18
บริษัท อีสต์โคสท์เฟอร์นิเทค จำกัด (มหาชน),Sales order,On order,1PB02GG150012302450,VSDP17001957,SW-LPA,-280,VNG-S,บริษัท อีสต์โคสท์เฟอร์นิเทค จำกัด (มหาชน),2017-04-05
บริษัท อีสต์โคสท์เฟอร์นิเทค จำกัด (มหาชน),Sales order,On order,1PB01GG150012302450,VSDP17001959,SW-LPA,-70,VNG-S,บริษัท อีสต์โคสท์เฟอร์นิเทค จำกัด (มหาชน),2017-04-05
บริษัท เมเจอร์ แปลน จำกัด,Sales order,On order,1PB02NG150012302450,VSDP17001967,SW-LPA,-140,VNG-S,เจี่ยซิง (ใบชั่วคราว),2017-04-07
บริษัท เมเจอร์ แปลน จำกัด,Sales order,On order,1PB02NG150012302450,VSDP17001968,SW-LPA,-70,VNG-S,ปณชัย-ใบชั่วคราว,2017-04-08
บริษัท นีสเทิร์น อินดัสทรี่ จำกัด,Sales order,On order,1PB02NG150012302450,VSDP17001969,SW-LPA,-70,VNG-S,โคราช,2017-04-05
บมจ.โฮม โปรดักส์ เซ็นเตอร์ สาขาวังน้อย,Sales order,On order,1BJSK0030169580351BO,VSDB17000060,SW-LBA,-800,VNG-S,รับสินค้าที่โรงงาน,2017-04-07
บมจ.โฮม โปรดักส์ เซ็นเตอร์ สาขาวังน้อย,Sales order,On order,1BJSK0030169580033BO,VSDB17000060,SW-LBA,"-1,780.00",VNG-S,รับสินค้าที่โรงงาน,2017-04-07
บมจ.โฮม โปรดักส์ เซ็นเตอร์ สาขาวังน้อย,Sales order,On order,1BJSK0030169580025BO,VSDB17000060,SW-LBA,"-1,630.00",VNG-S,รับสินค้าที่โรงงาน,2017-04-07
บริษัท นีสเทิร์น อินดัสทรี่ จำกัด,Sales order,On order,1PB02NG150012302450,VSDP17001970,SW-LPA,-70,VNG-S,โคราช,2017-04-05
บมจ.โฮม โปรดักส์ เซ็นเตอร์ สาขาวังน้อย,Sales order,On order,1BJSK0030169580028BO,VSDB17000061,SW-LBA,-210,VNG-S,รับสินค้าที่โรงงาน,2017-04-12
บมจ.โฮม โปรดักส์ เซ็นเตอร์ สาขาวังน้อย,Sales order,On order,1BJJT6010124080028BO,VSDB17000062,SW-LBA,-96,VNG-S,รับสินค้าที่โรงงาน,2017-04-12
บมจ.โฮม โปรดักส์ เซ็นเตอร์ สาขาวังน้อย,Sales order,On order,1BJEG5010123180028BO,VSDB17000062,SW-LBA,-620,VNG-S,รับสินค้าที่โรงงาน,2017-04-12
บมจ.โฮม โปรดักส์ เซ็นเตอร์ สาขาวังน้อย,Sales order,On order,1BJJT6010124080025BO,VSDB17000062,SW-LBA,-96,VNG-S,รับสินค้าที่โรงงาน,2017-04-12
บมจ.โฮม โปรดักส์ เซ็นเตอร์ สาขาวังน้อย,Sales order,On order,1BJJT6010124080351BO,VSDB17000062,SW-LBA,-96,VNG-S,รับสินค้าที่โรงงาน,2017-04-12
บมจ.โฮม โปรดักส์ เซ็นเตอร์ สาขาวังน้อย,Sales order,On order,1BJJT6010124080033BO,VSDB17000062,SW-LBA,-48,VNG-S,รับสินค้าที่โรงงาน,2017-04-12
บมจ.โฮม โปรดักส์ เซ็นเตอร์ สาขาวังน้อย,Sales order,On order,1BJTS4010124080033BO,VSDB17000062,SW-LBA,-240,VNG-S,รับสินค้าที่โรงงาน,2017-04-12
บมจ.โฮม โปรดักส์ เซ็นเตอร์ สาขาวังน้อย,Sales order,On order,1BJTS4010124080351BO,VSDB17000063,SW-LBA,-480,VNG-S,รับสินค้าที่โรงงาน,2017-04-12
บมจ.โฮม โปรดักส์ เซ็นเตอร์ สาขาวังน้อย,Sales order,On order,1BJTS4010124080028BO,VSDB17000063,SW-LBA,-96,VNG-S,รับสินค้าที่โรงงาน,2017-04-12
บมจ.โฮม โปรดักส์ เซ็นเตอร์ สาขาวังน้อย,Sales order,On order,1BJEG5010123180033BO,VSDB17000063,SW-LBA,-248,VNG-S,รับสินค้าที่โรงงาน,2017-04-12
บริษัท สถาพร ลามิเนชั่น จำกัด,Sales order,On order,1PB02NG120012302450,VSDP17001974,SW-LPA,-85,VNG-S,บริษัท สถาพร ลามิเนชั่น จำกัด,2017-04-18
บริษัท สถาพร ลามิเนชั่น จำกัด,Sales order,On order,1PB02NG120012302450,VSDP17001975,SW-LPA,-85,VNG-S,บริษัท สถาพร ลามิเนชั่น จำกัด,2017-04-19
บริษัท อาร์ เอ็ม ซี เมทัลวู๊ด จำกัด,Sales order,On order,1PB02NG150012302450,VSDP17001977,SW-LPA,-140,VNG-S,บริษัท อาร์ เอ็ม ซี เมทัลวู๊ด จำกัด,2017-04-06
บริษัท อาร์ เอ็ม ซี เมทัลวู๊ด จำกัด,Sales order,On order,1PB02NG150012302450,VSDP17001980,SW-LPA,-140,VNG-S,บริษัท อาร์ เอ็ม ซี เมทัลวู๊ด จำกัด,2017-04-07
บริษัท ที.เอ็ม.พี.วู้ด จำกัด,Sales order,On order,4MBP2FS150012302450,VSDS17000385,SW-LMA,-136,VNG-S,หลี่หยาง - ใบชั่วคราว,2017-04-08
ห้างหุ้นส่วนจำกัด ทีเอ็นเค วู้ด,Sales order,On order,1PB02NG150012302450,VSDP17001913,SW-LPA,-140,VNG-S,โกดังสยามวู๊ด,2017-04-05
บริษัท ที.เอ็ม.พี.วู้ด จำกัด,Sales order,On order,1PB02GG250012302450,VSDP17001999,SW-LPA,-84,VNG-S,M.K - ใบชั่วคราว,2017-04-10
บริษัท เมเจอร์ แปลน จำกัด,Sales order,On order,1PB02NG150012302450,VSDP17002000,SW-LPA,-70,VNG-S,ฟอร์จูน-ใบชั่วคราว,2017-04-07
บริษัท เมเจอร์ แปลน จำกัด,Sales order,On order,1PB02NG150012302450,VSDP17002001,SW-LPA,-70,VNG-S,ฟอร์จูน-ใบชั่วคราว,2017-04-07
บริษัท เมเจอร์ แปลน จำกัด,Sales order,On order,1PB02NG150012302450,VSDP17002002,SW-LPA,-70,VNG-S,ฟอร์จูน-ใบชั่วคราว,2017-04-08
บริษัท เมเจอร์ แปลน จำกัด,Sales order,On order,1PB02NG150012302450,VSDP17002009,SW-LPA,-70,VNG-S,ฟอร์จูน-ใบชั่วคราว,2017-04-08
บริษัท เอส.บี.อุตสาหกรรมเครื่องเรือน จำกัด,Sales order,On order,1PB01GG190012302450,VSDP17002011,SW-LPA,-660,VNG-S,บางบัวทอง,2017-04-08
บริษัท เอส.บี.อุตสาหกรรมเครื่องเรือน จำกัด,Sales order,On order,1PB01GG180012302450,VSDP17002011,SW-LPA,-120,VNG-S,บางบัวทอง,2017-04-08
บริษัท ลานนาไม้อัดไทย จำกัด,Sales order,On order,4MBP2FS090012302450,VSDS17000388,SW-LMA,-110,VNG-S,โกดัง 2,2017-04-08
บริษัท ย่งพงษ์เส็งรังสิต จำกัด,Sales order,On order,4MBP2FS180012302450,VSDS17000389,SW-LMA,-1,VNG-S,บริษัท ย่งพงษ์เส็งรังสิต จำกัด,2017-04-08
บริษัท พี.เอช.เค.ซัพพลาย จำกัด,Sales order,On order,1PB02NG150012302450,VSDP17002017,SW-LPA,"-1,050.00",VNG-S,รับเอง-ใบชั่วคราว,2017-04-07
บริษัท พี.เอช.เค.ซัพพลาย จำกัด,Sales order,On order,1PB02NG150012302450,VSDP17002018,SW-LPA,"-1,050.00",VNG-S,รับเอง-ใบชั่วคราว,2017-04-07
บริษัท อีสต์โคสท์เฟอร์นิเทค จำกัด (มหาชน),Sales order,On order,1PB02FS150012301840,VSDP17002024,SW-LPA,"-1,120.00",VNG-S,บริษัท อีสต์โคสท์เฟอร์นิเทค จำกัด (มหาชน),2017-04-08
บริษัท เอส.บี.อุตสาหกรรมเครื่องเรือน จำกัด,Sales order,On order,4MBU1S4120012302450,VSDS17000394,SW-LMA,-84,VNG-S,บางบัวทอง,2017-04-24
บจก.ดูราฟลอร์,Sales order,On order,1BJEG5010123180025VF,VSDB17000064,SW-LBA,-372,VNG-S,โกดังนวนคร,2017-04-11
บริษัท เอส.บี.อุตสาหกรรมเครื่องเรือน จำกัด,Sales order,On order,1MBU1GG026012302450,VSDM17000492,,"-4,560.00",VNG-S,บางบัวทอง,2017-04-27
บจก.อินเด็กซ์ อินเตอร์เฟิร์น สาขา มหาชัย,Sales order,On order,1PB01GG190012302450,VSDP17002046,SW-LPA,-715,VNG-S,บจก.อินเด็กซ์ อินเตอร์เฟิร์น สาขา มหาชัย,2017-04-19
บริษัท เอส.บี.อุตสาหกรรมเครื่องเรือน จำกัด,Sales order,On order,1PB01GG160012302450,VSDP17002057,SW-LPA,-910,VNG-S,บางบัวทอง,2017-04-26
บริษัท ที.เอ็ม.พี.วู้ด จำกัด,Sales order,On order,4MBU2FS250012302450,VSDS17000399,SW-LMA,-80,VNG-S,หลี่หยาง - ใบชั่วคราว,2017-04-19
บริษัท ที.เอ็ม.พี.วู้ด จำกัด,Sales order,On order,4MBP2FS150012302450,VSDS17000400,SW-LMA,-136,VNG-S,หลี่หยาง - ใบชั่วคราว,2017-04-19
บริษัท ที.เอ็ม.พี.วู้ด จำกัด,Sales order,On order,4MBP2FS190012302450,VSDS17000402,SW-LMA,-156,VNG-S,M.K - ใบชั่วคราว,2017-04-20
ห้างหุ้นส่วนจำกัด ไม้สักไทยเฟอร์นิเจอร์,Sales order,On order,1PB01GG190012302450,VSDP17002079,SW-LPA,-35,VNG-S,ถ.นวมินทร์,2017-04-19
บริษัท ที.เอ็ม.พี.วู้ด จำกัด,Sales order,On order,4MBP2FS190012302450,VSDS17000403,SW-LMA,-104,VNG-S,M.K - ใบชั่วคราว,2017-04-20
บริษัท ที.เอ็ม.พี.วู้ด จำกัด,Sales order,On order,1PB02GG190012302450,VSDP17002089,SW-LPA,-55,VNG-S,M.K - ใบชั่วคราว,2017-04-19
บริษัท ที.เอ็ม.พี.วู้ด จำกัด,Sales order,On order,1PB02GG190012302450,VSDP17002090,SW-LPA,-110,VNG-S,M.K - ใบชั่วคราว,2017-04-20
บริษัท ที.เอ็ม.พี.วู้ด จำกัด,Sales order,On order,1PB02GG190012302450,VSDP17002091,SW-LPA,-55,VNG-S,M.K - ใบชั่วคราว,2017-04-21
บริษัท ที.เอ็ม.พี.วู้ด จำกัด,Sales order,On order,1PB02GG190012302450,VSDP17002092,SW-LPA,-55,VNG-S,M.K - ใบชั่วคราว,2017-04-22
บริษัท ที.เอ็ม.พี.วู้ด จำกัด,Sales order,On order,1PB02GG190012302450,VSDP17002093,SW-LPA,-55,VNG-S,M.K - ใบชั่วคราว,2017-04-24
บริษัท พี.เอช.เค.ซัพพลาย จำกัด,Sales order,On order,1PB02NG150012302450,VSDP17002097,SW-LPA,-140,VNG-S,ฉัตรอินเตอร์ไม้อัดไทย(ใช้ใบชั่วคราวส่ง),2017-04-20
บริษัท เอสซีจี ซิเมนต์-ผลิตภัณฑ์ก่อสร้าง จำกัด,Sales order,On order,3F20892053EGA10611UN,VSDF17000676,SW-L3A,"-8,640.00",VNG-S,โครงการ THE STAGE เตาปูน,2017-04-28
บริษัท พี.เอช.เค.ซัพพลาย จำกัด,Sales order,On order,1PB02NG180012302450,VSDP17002098,SW-LPA,-120,VNG-S,ฉัตรอินเตอร์ไม้อัดไทย(ใช้ใบชั่วคราวส่ง),2017-04-24
บริษัท พี.เอช.เค.ซัพพลาย จำกัด,Sales order,On order,1PB02NG090012302450,VSDP17002099,SW-LPA,-220,VNG-S,ฉัตรอินเตอร์ไม้อัดไทย(ใช้ใบชั่วคราวส่ง),2017-04-26
บริษัท พี.เอช.เค.ซัพพลาย จำกัด,Sales order,On order,1PB02NG090012302450,VSDP17002099,SW-LPA,"-1,430.00",VNG-S,ฉัตรอินเตอร์ไม้อัดไทย(ใช้ใบชั่วคราวส่ง),2017-04-26
บริษัท พี.เอช.เค.ซัพพลาย จำกัด,Sales order,On order,1PB02NG090012302450,VSDP17002100,SW-LPA,"-1,650.00",VNG-S,วิทยาหีบทอง (สิงห์บุรี) - ใบชั่วคราว,2017-04-28
บริษัท อินเตอร์ฟลอร์ จำกัด,Sales order,On order,3F20892053GGA10625BO,VSDF17000681,SW-L3A,"-8,640.00",VNG-S,โครงการ The Niche ID พระราม2,2017-04-27
บริษัท อินเตอร์ฟลอร์ จำกัด,Sales order,On order,3F20892053GGA10625BO,VSDF17000682,SW-L3A,"-8,640.00",VNG-S,โครงการ The Niche Prich ทองหล่อ-เพชรบุรี,2017-04-29
บจก.ไทย-เยอรมัน เดคคอร์,Sales order,On order,3F20892053EGA20790AD,VSDF17000685,SW-L3A,"-8,640.00",VNG-S,โกดังไทย-เยอรมัน รามคำแหง 187/1,2017-05-03
บริษัท ที.เอ็ม.พี.วู้ด จำกัด,Sales order,On order,4MBU2FS250012302450,VSDS17000407,SW-LMA,-640,VNG-S,หลี่หยาง - ใบชั่วคราว,2017-04-27
บริษัท เอส.บี.อุตสาหกรรมเครื่องเรือน จำกัด,Sales order,On order,4MBU1S4120012302450,VSDS17000408,SW-LMA,-420,VNG-S,บางบัวทอง,2017-04-20
บริษัท เอส.บี.อุตสาหกรรมเครื่องเรือน จำกัด,Sales order,On order,4MBU1S4180012302450,VSDS17000408,SW-LMA,-504,VNG-S,บางบัวทอง,2017-04-20
บริษัท เกียรติถาวร พาราวู้ด จำกัด,Sales order,On order,1PB02NG090012302450,VSDP17002114,SW-LPA,-770,VNG-S,วัดลาดปลาดุก,2017-04-20
บริษัท ฟลอร์เอฟเวอร์ จำกัด,Sales order,On order,1BJJT6010124080033BO,VSDB17000065,SW-LBA,-240,VNG-S,โครงการ Lv ราชพฤกษ์-บางแวก,2017-04-22
บริษัท บ้านอัจฉรา จำกัด,Sales order,On order,2F21293053GGA30780UN,VSDF17000693,BS-LOA,-280,VNG-S,บริษัท บ้านอัจฉรา จำกัด,2017-04-20
บริษัท ลานนาไม้อัดไทย จำกัด,Sales order,On order,1PB02NG150012302450,VSDP17002116,SW-LPA,-70,VNG-S,โกดัง 2,2017-04-21
บริษัท ลานนาไม้อัดไทย จำกัด,Sales order,On order,1PB02NG180012302450,VSDP17002117,SW-LPA,-60,VNG-S,โกดัง 2,2017-04-21
บริษัท ลานนาไม้อัดไทย จำกัด,Sales order,On order,1PB02NG150012302450,VSDP17002118,SW-LPA,-70,VNG-S,โกดัง 2,2017-04-24
บริษัท สถาพร ลามิเนชั่น จำกัด,Sales order,On order,1PB02NG150012302450,VSDP17002119,SW-LPA,-140,VNG-S,บริษัท สถาพร ลามิเนชั่น จำกัด,2017-04-21
บริษัท สถาพร ลามิเนชั่น จำกัด,Sales order,On order,1PB02NG150012302450,VSDP17002120,SW-LPA,-140,VNG-S,บริษัท สถาพร ลามิเนชั่น จำกัด,2017-04-21
บริษัท สถาพร ลามิเนชั่น จำกัด,Sales order,On order,1PB02NG150012302450,VSDP17002121,SW-LPA,-140,VNG-S,บริษัท สถาพร ลามิเนชั่น จำกัด,2017-04-22
บริษัท สถาพร ลามิเนชั่น จำกัด,Sales order,On order,1PB02NG150012302450,VSDP17002122,SW-LPA,-140,VNG-S,บริษัท สถาพร ลามิเนชั่น จำกัด,2017-04-22
บริษัท พี.เอช.เค.ซัพพลาย จำกัด,Sales order,On order,1PB02NG150012302450,VSDP17002125,SW-LPA,-70,VNG-S,รับเอง พิชัยเฟอร์นิเจอร์ (ใช้ใบชั่วคราวส่ง),2017-04-20
บริษัท พี.เอช.เค.ซัพพลาย จำกัด,Sales order,On order,1PB02NG150012302450,VSDP17002126,SW-LPA,"-1,050.00",VNG-S,รับเอง พิชัยเฟอร์นิเจอร์ (ใช้ใบชั่วคราวส่ง),2017-04-20
บริษัท พี.เอช.เค.ซัพพลาย จำกัด,Sales order,On order,1PB02NG150012302450,VSDP17002127,SW-LPA,"-1,050.00",VNG-S,รับเอง พิชัยเฟอร์นิเจอร์ (ใช้ใบชั่วคราวส่ง),2017-04-20
บริษัท พี.เอช.เค.ซัพพลาย จำกัด,Sales order,On order,1PB02NG150012302450,VSDP17002128,SW-LPA,"-1,050.00",VNG-S,รับเอง พิชัยเฟอร์นิเจอร์ (ใช้ใบชั่วคราวส่ง),2017-04-20
บริษัท พี.เอช.เค.ซัพพลาย จำกัด,Sales order,On order,1PB02NG150012302450,VSDP17002129,SW-LPA,"-1,050.00",VNG-S,รับเอง พิชัยเฟอร์นิเจอร์ (ใช้ใบชั่วคราวส่ง),2017-04-20
ห้างหุ้นส่วนจำกัด ทีเอ็นเค วู้ด,Sales order,On order,1PB02NG150012302450,VSDP17002130,SW-LPA,-140,VNG-S,โกดังสยามวู๊ด,2017-04-21
ห้างหุ้นส่วนจำกัด ทีเอ็นเค วู้ด,Sales order,On order,1PB02NG150012302450,VSDP17002131,SW-LPA,-70,VNG-S,โกดังสยามวู๊ด,2017-04-21
ห้างหุ้นส่วนจำกัด ทีเอ็นเค วู้ด,Sales order,On order,1PB02NG150012302450,VSDP17002132,SW-LPA,"-1,050.00",VNG-S,ปณชัยใหม่,2017-04-26
ห้างหุ้นส่วนจำกัด ทีเอ็นเค วู้ด,Sales order,On order,4MBP2FS160012302450,VSDS17000416,SW-LMA,-62,VNG-S,M.K - ใบชั่วคราว,2017-04-22
ห้างหุ้นส่วนจำกัด ทีเอ็นเค วู้ด,Sales order,On order,4MBP2FS160012302450,VSDS17000417,SW-LMA,-124,VNG-S,M.K - ใบชั่วคราว,2017-04-24
ห้างหุ้นส่วนจำกัด ทีเอ็นเค วู้ด,Sales order,On order,4MBP2FS160012302450,VSDS17000418,SW-LMA,-142,VNG-S,M.K - ใบชั่วคราว,2017-04-25
ห้างหุ้นส่วนจำกัด ทีเอ็นเค วู้ด,Sales order,On order,4MBP2FS190012302450,VSDS17000419,SW-LMA,-52,VNG-S,M.K - ใบชั่วคราว,2017-04-24
ห้างหุ้นส่วนจำกัด ทีเอ็นเค วู้ด,Sales order,On order,4MBP2FS190012302450,VSDS17000420,SW-LMA,-52,VNG-S,M.K - ใบชั่วคราว,2017-04-25
ห้างหุ้นส่วนจำกัด ทีเอ็นเค วู้ด,Sales order,On order,1PB02NG150012302450,VSDP17002142,SW-LPA,-70,VNG-S,โกดังสยามวู๊ด,2017-04-22
ห้างหุ้นส่วนจำกัด ทีเอ็นเค วู้ด,Sales order,On order,1PB02NG150012302450,VSDP17002143,SW-LPA,-70,VNG-S,โกดังสยามวู๊ด,2017-04-22
ห้างหุ้นส่วนจำกัด ทีเอ็นเค วู้ด,Sales order,On order,1PB02NG150012302450,VSDP17002144,SW-LPA,-70,VNG-S,ฟอร์จูน - ใบชั่วคราว,2017-04-26
ห้างหุ้นส่วนจำกัด ทีเอ็นเค วู้ด,Sales order,On order,1PB02NG150012302450,VSDP17002145,SW-LPA,-70,VNG-S,ฟอร์จูน - ใบชั่วคราว,2017-04-27
ห้างหุ้นส่วนจำกัด ทีเอ็นเค วู้ด,Sales order,On order,1PB02NG150012302450,VSDP17002146,SW-LPA,-70,VNG-S,ฟอร์จูน - ใบชั่วคราว,2017-04-28
ห้างหุ้นส่วนจำกัด ทีเอ็นเค วู้ด,Sales order,On order,1PB02NG150012302450,VSDP17002147,SW-LPA,-70,VNG-S,ธนพล - ใบชั่วคราว,2017-04-28
บริษัท รวมเจริญ วู๊ด มาร์เก็ตติ้ง จำกัด,Sales order,On order,1PB02NG120012302450,VSDP17002155,SW-LPA,-85,VNG-S,เมโทรท๊อป (พระนั่งเกล้า),2017-04-22
บริษัท อาร์ เอ็ม ซี เมทัลวู๊ด จำกัด,Sales order,On order,1PB02NG150012302450,VSDP17002162,SW-LPA,-140,VNG-S,บริษัท อาร์ เอ็ม ซี เมทัลวู๊ด จำกัด,2017-04-22
บริษัท อาร์ เอ็ม ซี เมทัลวู๊ด จำกัด,Sales order,On order,1PB02NG150012302450,VSDP17002164,SW-LPA,-140,VNG-S,บริษัท อาร์ เอ็ม ซี เมทัลวู๊ด จำกัด,2017-04-24
บริษัท อาร์ เอ็ม ซี เมทัลวู๊ด จำกัด,Sales order,On order,1PB02NG150012302450,VSDP17002165,SW-LPA,-70,VNG-S,บริษัท อาร์ เอ็ม ซี เมทัลวู๊ด จำกัด,2017-04-24
บริษัท อาร์ เอ็ม ซี เมทัลวู๊ด จำกัด,Sales order,On order,1PB02NG150012302450,VSDP17002169,SW-LPA,-140,VNG-S,บริษัท อาร์ เอ็ม ซี เมทัลวู๊ด จำกัด,2017-04-24
บริษัท อาร์ เอ็ม ซี เมทัลวู๊ด จำกัด,Sales order,On order,1PB02NG150012302450,VSDP17002170,SW-LPA,-140,VNG-S,บริษัท อาร์ เอ็ม ซี เมทัลวู๊ด จำกัด,2017-04-24
บริษัท อาร์ เอ็ม ซี เมทัลวู๊ด จำกัด,Sales order,On order,1PB02NG150012302450,VSDP17002171,SW-LPA,-70,VNG-S,บริษัท อาร์ เอ็ม ซี เมทัลวู๊ด จำกัด,2017-04-24
บริษัท พี.เอช.เค.ซัพพลาย จำกัด,Sales order,On order,1PB02NG180012302450,VSDP17002177,SW-LPA,-60,VNG-S,รับเอง-ดูโฮม (สาขาอุบลฯ),2017-04-21
บริษัท พี.เอช.เค.ซัพพลาย จำกัด,Sales order,On order,1PB02NG180012302450,VSDP17002177,SW-LPA,-840,VNG-S,รับเอง-ดูโฮม (สาขาอุบลฯ),2017-04-21
บริษัท พี.เอช.เค.ซัพพลาย จำกัด,Sales order,On order,1PB02NG180012302450,VSDP17002178,SW-LPA,-60,VNG-S,รับเอง-ดูโฮม (สาขาอุบลฯ),2017-04-21
บริษัท พี.เอช.เค.ซัพพลาย จำกัด,Sales order,On order,1PB02NG180012302450,VSDP17002178,SW-LPA,-840,VNG-S,รับเอง-ดูโฮม (สาขาอุบลฯ),2017-04-21
บริษัท พี.เอช.เค.ซัพพลาย จำกัด,Sales order,On order,1PB02NG120012302450,VSDP17002179,SW-LPA,-510,VNG-S,รับเอง-ดูโฮม (สาขาอุบลฯ),2017-04-21
บริษัท พี.เอช.เค.ซัพพลาย จำกัด,Sales order,On order,1PB02NG150012302450,VSDP17002179,SW-LPA,-490,VNG-S,รับเอง-ดูโฮม (สาขาอุบลฯ),2017-04-21
บริษัท พี.เอช.เค.ซัพพลาย จำกัด,Sales order,On order,1PB02NG180012302450,VSDP17002180,SW-LPA,-120,VNG-S,รับเอง-ดูโฮม (สาขาอุบลฯ),2017-04-21
บริษัท พี.เอช.เค.ซัพพลาย จำกัด,Sales order,On order,1PB02NG180012302450,VSDP17002180,SW-LPA,-60,VNG-S,รับเอง-ดูโฮม (สาขาอุบลฯ),2017-04-21
บจก.เอ-ลิส ลิฟวิ่ง,Sales order,On order,1BJSK0040189580351VF,VSDB17000068,SW-LBA,"-1,080.00",VNG-S,โกดังบุญสิริ 8,2017-04-24
บริษัท อาร์ เอ็ม ซี เมทัลวู๊ด จำกัด,Sales order,On order,1PB02NG150012302450,VSDP17002184,SW-LPA,-140,VNG-S,บริษัท อาร์ เอ็ม ซี เมทัลวู๊ด จำกัด,2017-04-25
บริษัท อาร์ เอ็ม ซี เมทัลวู๊ด จำกัด,Sales order,On order,1PB02NG150012302450,VSDP17002185,SW-LPA,-140,VNG-S,บริษัท อาร์ เอ็ม ซี เมทัลวู๊ด จำกัด,2017-04-26
บริษัท อาร์ เอ็ม ซี เมทัลวู๊ด จำกัด,Sales order,On order,1PB02NG150012302450,VSDP17002186,SW-LPA,"-1,050.00",VNG-S,บริษัท อาร์ เอ็ม ซี เมทัลวู๊ด จำกัด,2017-04-26
บริษัท อาร์ เอ็ม ซี เมทัลวู๊ด จำกัด,Sales order,On order,1PB02NG150012302450,VSDP17002187,SW-LPA,-140,VNG-S,บริษัท อาร์ เอ็ม ซี เมทัลวู๊ด จำกัด,2017-04-27
บริษัท อาร์ เอ็ม ซี เมทัลวู๊ด จำกัด,Sales order,On order,1PB02NG150012302450,VSDP17002187,SW-LPA,-910,VNG-S,บริษัท อาร์ เอ็ม ซี เมทัลวู๊ด จำกัด,2017-04-27
บริษัท อาร์ เอ็ม ซี เมทัลวู๊ด จำกัด,Sales order,On order,1PB02NG150012302450,VSDP17002188,SW-LPA,-70,VNG-S,บริษัท อาร์ เอ็ม ซี เมทัลวู๊ด จำกัด,2017-04-27
บริษัท อาร์ เอ็ม ซี เมทัลวู๊ด จำกัด,Sales order,On order,1PB02NG150012302450,VSDP17002188,SW-LPA,-980,VNG-S,บริษัท อาร์ เอ็ม ซี เมทัลวู๊ด จำกัด,2017-04-27
บริษัท อาร์ เอ็ม ซี เมทัลวู๊ด จำกัด,Sales order,On order,1PB02NG150012302450,VSDP17002190,SW-LPA,-140,VNG-S,บริษัท อาร์ เอ็ม ซี เมทัลวู๊ด จำกัด,2017-04-25
บริษัท อาร์ เอ็ม ซี เมทัลวู๊ด จำกัด,Sales order,On order,1PB02NG150012302450,VSDP17002191,SW-LPA,-140,VNG-S,บริษัท อาร์ เอ็ม ซี เมทัลวู๊ด จำกัด,2017-04-26
บริษัท อาร์ เอ็ม ซี เมทัลวู๊ด จำกัด,Sales order,On order,1PB02NG150012302450,VSDP17002192,SW-LPA,"-1,050.00",VNG-S,บริษัท อาร์ เอ็ม ซี เมทัลวู๊ด จำกัด,2017-04-26
บริษัท อาร์ เอ็ม ซี เมทัลวู๊ด จำกัด,Sales order,On order,1PB02NG150012302450,VSDP17002193,SW-LPA,-140,VNG-S,บริษัท อาร์ เอ็ม ซี เมทัลวู๊ด จำกัด,2017-04-27
บริษัท อาร์ เอ็ม ซี เมทัลวู๊ด จำกัด,Sales order,On order,1PB02NG150012302450,VSDP17002193,SW-LPA,-910,VNG-S,บริษัท อาร์ เอ็ม ซี เมทัลวู๊ด จำกัด,2017-04-27
บริษัท อาร์ เอ็ม ซี เมทัลวู๊ด จำกัด,Sales order,On order,1PB02NG150012302450,VSDP17002194,SW-LPA,-70,VNG-S,บริษัท อาร์ เอ็ม ซี เมทัลวู๊ด จำกัด,2017-04-27
บมจ.โฮม โปรดักส์ เซ็นเตอร์ สาขาวังน้อย,Sales order,On order,1BJSK0030169580033BO,VSDB17000069,SW-LBA,-500,VNG-S,รับสินค้าที่โรงงาน,2017-04-29
บมจ.โฮม โปรดักส์ เซ็นเตอร์ สาขาวังน้อย,Sales order,On order,1BJSK0030169580025BO,VSDB17000069,SW-LBA,-500,VNG-S,รับสินค้าที่โรงงาน,2017-04-29
บมจ.โฮม โปรดักส์ เซ็นเตอร์ สาขาวังน้อย,Sales order,On order,1BJSK0030169580351BO,VSDB17000070,SW-LBA,-580,VNG-S,รับสินค้าที่โรงงาน,2017-04-29
บมจ.โฮม โปรดักส์ เซ็นเตอร์ สาขาวังน้อย,Sales order,On order,1BJEG5010123180028BO,VSDB17000071,SW-LBA,-372,VNG-S,รับสินค้าที่โรงงาน,2017-04-29
บมจ.โฮม โปรดักส์ เซ็นเตอร์ สาขาวังน้อย,Sales order,On order,1BJTS4010124080025BO,VSDB17000071,SW-LBA,-864,VNG-S,รับสินค้าที่โรงงาน,2017-04-29
บมจ.โฮม โปรดักส์ เซ็นเตอร์ สาขาวังน้อย,Sales order,On order,1BJTS4010124080028BO,VSDB17000071,SW-LBA,-144,VNG-S,รับสินค้าที่โรงงาน,2017-04-29
บมจ.โฮม โปรดักส์ เซ็นเตอร์ สาขาวังน้อย,Sales order,On order,1BJEG5010123180025BO,VSDB17000071,SW-LBA,"-1,054.00",VNG-S,รับสินค้าที่โรงงาน,2017-04-29
บมจ.โฮม โปรดักส์ เซ็นเตอร์ สาขาวังน้อย,Sales order,On order,1BJEG5010123180351BO,VSDB17000071,SW-LBA,-620,VNG-S,รับสินค้าที่โรงงาน,2017-04-29
บมจ.โฮม โปรดักส์ เซ็นเตอร์ สาขาวังน้อย,Sales order,On order,1BJEG5010123180028BO,VSDB17000072,SW-LBA,-62,VNG-S,รับสินค้าที่โรงงาน,2017-04-29
บมจ.โฮม โปรดักส์ เซ็นเตอร์ สาขาวังน้อย,Sales order,On order,1BJTS4010124080025BO,VSDB17000072,SW-LBA,-96,VNG-S,รับสินค้าที่โรงงาน,2017-04-29
บมจ.โฮม โปรดักส์ เซ็นเตอร์ สาขาวังน้อย,Sales order,On order,1BJTS4010124080033BO,VSDB17000072,SW-LBA,-96,VNG-S,รับสินค้าที่โรงงาน,2017-04-29
บมจ.โฮม โปรดักส์ เซ็นเตอร์ สาขาวังน้อย,Sales order,On order,1BJTS4010124080028BO,VSDB17000072,SW-LBA,-96,VNG-S,รับสินค้าที่โรงงาน,2017-04-29
บมจ.โฮม โปรดักส์ เซ็นเตอร์ สาขาวังน้อย,Sales order,On order,1BJEG5010123180025BO,VSDB17000072,SW-LBA,-62,VNG-S,รับสินค้าที่โรงงาน,2017-04-29
บมจ.โฮม โปรดักส์ เซ็นเตอร์ สาขาวังน้อย,Sales order,On order,1BJEG5010123180351BO,VSDB17000072,SW-LBA,-62,VNG-S,รับสินค้าที่โรงงาน,2017-04-29
บมจ.โฮม โปรดักส์ เซ็นเตอร์ สาขาวังน้อย,Sales order,On order,1BJEG5010123180028BO,VSDB17000073,SW-LBA,-186,VNG-S,รับสินค้าที่โรงงาน,2017-04-29
บมจ.โฮม โปรดักส์ เซ็นเตอร์ สาขาวังน้อย,Sales order,On order,1BJJT6010124080025BO,VSDB17000073,SW-LBA,-96,VNG-S,รับสินค้าที่โรงงาน,2017-04-29
บมจ.โฮม โปรดักส์ เซ็นเตอร์ สาขาวังน้อย,Sales order,On order,1BJJT6010124080351BO,VSDB17000073,SW-LBA,-144,VNG-S,รับสินค้าที่โรงงาน,2017-04-29
บมจ.โฮม โปรดักส์ เซ็นเตอร์ สาขาวังน้อย,Sales order,On order,1BJTS4010124080033BO,VSDB17000073,SW-LBA,-48,VNG-S,รับสินค้าที่โรงงาน,2017-04-29
บมจ.โฮม โปรดักส์ เซ็นเตอร์ สาขาวังน้อย,Sales order,On order,1BJTS4010124080351BO,VSDB17000073,SW-LBA,-144,VNG-S,รับสินค้าที่โรงงาน,2017-04-29
บมจ.โฮม โปรดักส์ เซ็นเตอร์ สาขาวังน้อย,Sales order,On order,1BJTS4010124080028BO,VSDB17000073,SW-LBA,-96,VNG-S,รับสินค้าที่โรงงาน,2017-04-29
บมจ.โฮม โปรดักส์ เซ็นเตอร์ สาขาวังน้อย,Sales order,On order,1BJEG5010123180025BO,VSDB17000074,SW-LBA,-62,VNG-S,รับสินค้าที่โรงงาน,2017-04-29
บมจ.โฮม โปรดักส์ เซ็นเตอร์ สาขาวังน้อย,Sales order,On order,1BJEG5010123180351BO,VSDB17000074,SW-LBA,-186,VNG-S,รับสินค้าที่โรงงาน,2017-04-29
บมจ.โฮม โปรดักส์ เซ็นเตอร์ สาขาวังน้อย,Sales order,On order,1BJEG5010123180033BO,VSDB17000074,SW-LBA,-62,VNG-S,รับสินค้าที่โรงงาน,2017-04-29
บมจ.โฮม โปรดักส์ เซ็นเตอร์ สาขาวังน้อย,Sales order,On order,3F20892053GGA30610CR,VSDF17000708,SW-L3A,"-1,920.00",VNG-S,รับสินค้าที่โรงงาน,2017-04-29
บมจ.โฮม โปรดักส์ เซ็นเตอร์ สาขาวังน้อย,Sales order,On order,3F20892053GGA10670CR,VSDF17000709,SW-L3A,-960,VNG-S,รับสินค้าที่โรงงาน,2017-04-29
บมจ.โฮม โปรดักส์ เซ็นเตอร์ สาขาวังน้อย,Sales order,On order,3F20892053GGA10611CR,VSDF17000709,SW-L3A,-960,VNG-S,รับสินค้าที่โรงงาน,2017-04-29
บจก.วิวัฒน์ชัยค้าไม้,Sales order,On order,1BJSN3011256080028VF,VSDB17000066,SW-LBA,-28,VNG-S,รับสินค้าที่โรงงาน,2017-04-22
บจก.วิวัฒน์ชัยค้าไม้,Sales order,On order,1BJJT6020164080028VF,VSDB17000066,SW-LBA,-38,VNG-S,รับสินค้าที่โรงงาน,2017-04-22
บจก.วิวัฒน์ชัยค้าไม้,Sales order,On order,1BJEG5020163180028VF,VSDB17000067,SW-LBA,-54,VNG-S,รับสินค้าที่โรงงาน,2017-04-22
บจก.วิวัฒน์ชัยค้าไม้,Sales order,On order,1BJTS4020164080028VF,VSDB17000067,SW-LBA,-36,VNG-S,รับสินค้าที่โรงงาน,2017-04-22
บจก.วีอาร์ เดคคอร์ แอนด์ อินทีเรียร์,Sales order,On order,3F20892053GGA10630AZ,VSDF17000714,SW-L3A,"-8,640.00",VNG-S,โครงการ Aspire เอราวัณ,2017-04-28
บริษัท อีสต์โคสท์เฟอร์นิเทค จำกัด (มหาชน),Sales order,On order,4MBU1S4180012302450,VSDS17000442,SW-LMA,-56,VNG-S,บริษัท อีสต์โคสท์เฟอร์นิเทค จำกัด (มหาชน),2017-04-24
บริษัท ควอลิตี้ลามิเนเตอร์ จำกัด,Sales order,On order,1PB02GG190012302450,VSDP17002202,SW-LPA,-660,VNG-S,ควอลิตี้คลอง 8,2017-04-25
บริษัท เอช.ที.บอร์ด จำกัด,Sales order,On order,1PB02NG150012302450,VSDP17002203,SW-LPA,-70,VNG-S,H.T.บอร์ด (ชลบุรี),2017-04-25
บริษัท เอช.ที.บอร์ด จำกัด,Sales order,On order,1PB02NG150012302450,VSDP17002203,SW-LPA,-980,VNG-S,H.T.บอร์ด (ชลบุรี),2017-04-25
บริษัท เอช.ที.บอร์ด จำกัด,Sales order,On order,1PB02NG150012302450,VSDP17002204,SW-LPA,-700,VNG-S,H.T.บอร์ด + ไม้พื้นลามิเนต,2017-04-26
บจก.วีอาร์ เดคคอร์ แอนด์ อินทีเรียร์,Sales order,On order,3F20892053GGA10630AZ,VSDF17000715,SW-L3A,"-8,640.00",VNG-S,โครงการ Aspire เอราวัณ,2017-04-28
บริษัท เอช.ที.บอร์ด จำกัด,Sales order,On order,1PB02NG150012302450,VSDP17002205,SW-LPA,-70,VNG-S,H.T.บอร์ด (ชลบุรี),2017-04-25
บริษัท เอช.ที.บอร์ด จำกัด,Sales order,On order,1PB02NG150012302450,VSDP17002206,SW-LPA,-70,VNG-S,H.T.บอร์ด (ชลบุรี),2017-04-27
บริษัท เอช.ที.บอร์ด จำกัด,Sales order,On order,1PB02NG150012302450,VSDP17002207,SW-LPA,-70,VNG-S,H.T.บอร์ด (ชลบุรี),2017-04-28
บริษัท เอช.ที.บอร์ด จำกัด,Sales order,On order,1PB02NG150012302450,VSDP17002207,SW-LPA,-980,VNG-S,H.T.บอร์ด (ชลบุรี),2017-04-28
บริษัท โต๊ะจักรไทยประดิษฐ์ (1980) จำกัด,Sales order,On order,1PB01GG190012302450,VSDP17002214,SW-LPA,-660,VNG-S,บริษัท โต๊ะจักรไทยประดิษฐ์ (1980) จำกัด,2017-04-27
บริษัท โต๊ะจักรไทยประดิษฐ์ (1980) จำกัด,Sales order,On order,1PB01GG190012302450,VSDP17002215,SW-LPA,-660,VNG-S,ธนพล - ใบชั่วคราว,2017-04-27
บริษัท ที.เอ็ม.พี.วู้ด จำกัด,Sales order,On order,1PB02GG190012302450,VSDP17002216,SW-LPA,-55,VNG-S,ส่ง M.K - ให้ไม้หมอนเลย,2017-04-26
บริษัท ที.เอ็ม.พี.วู้ด จำกัด,Sales order,On order,1PB02GG190012302450,VSDP17002217,SW-LPA,-55,VNG-S,ส่ง M.K - ให้ไม้หมอนเลย,2017-04-26
บริษัท ที.เอ็ม.พี.วู้ด จำกัด,Sales order,On order,1PB02GG190012302450,VSDP17002218,SW-LPA,-55,VNG-S,ส่ง M.K - ให้ไม้หมอนเลย,2017-04-27
บริษัท ที.เอ็ม.พี.วู้ด จำกัด,Sales order,On order,1PB02GG190012302450,VSDP17002219,SW-LPA,-55,VNG-S,ส่ง M.K - ให้ไม้หมอนเลย,2017-04-27
บริษัท นีสเทิร์น อินดัสทรี่ จำกัด,Sales order,On order,1PB02NG150012302000,VSDP17002220,SW-LPA,-140,VNG-S,โคราช,2017-04-25
บจก.อัลฟ่า คาร์เปท อินดัสทรี่,Sales order,On order,3F20892053CGA10680AL,VSDF17000721,SW-L3A,"-5,312.00",VNG-S,อ่อนนุช 36,2017-04-27
บจก.อัลฟ่า คาร์เปท อินดัสทรี่,Sales order,On order,3F20892053EGA30716AL,VSDF17000721,SW-L3A,"-3,360.00",VNG-S,อ่อนนุช 36,2017-04-27
บจก.อินเด็กซ์ อินเตอร์เฟิร์น สาขา มหาชัย,Sales order,On order,3LP116021110330,VSDL17000559,SW-LUA,-65,VNG-S,บจก.อินเด็กซ์ อินเตอร์เฟิร์น สาขา มหาชัย,2017-04-24
บจก.อัลฟ่า คาร์เปท อินดัสทรี่,Sales order,On order,2F21293053CGA10731AL,VSDF17000722,SW-LFA,"-5,950.00",VNG-S,ร่มเกล้า ซ.7,2017-04-28
บจก.อัลฟ่า คาร์เปท อินดัสทรี่,Sales order,On order,3F20892051EGA20724BE,VSDF17000723,SW-L3A,"-4,008.00",VNG-S,อ่อนนุช 36,2017-04-28
บจก.อัลฟ่า คาร์เปท อินดัสทรี่,Sales order,On order,2F21293053CGA20619AL,VSDF17000723,SW-LFA,"-2,821.00",VNG-S,อ่อนนุช 36,2017-04-28
บจก.อัลฟ่า คาร์เปท อินดัสทรี่,Sales order,On order,2F20892053CGA20619AL,VSDF17000724,SW-LFA,"-3,112.00",VNG-S,อ่อนนุช 36,2017-04-29
บจก.อัลฟ่า คาร์เปท อินดัสทรี่,Sales order,On order,3F20892053CGA20619AL,VSDF17000724,SW-L3A,"-2,416.00",VNG-S,อ่อนนุช 36,2017-04-29
บจก.อัลฟ่า คาร์เปท อินดัสทรี่,Sales order,On order,3F20892053EGA10625AL,VSDF17000724,SW-L3A,"-3,032.00",VNG-S,อ่อนนุช 36,2017-04-29
บริษัท รวมเจริญ วู๊ด มาร์เก็ตติ้ง จำกัด,Sales order,On order,3MBP2FU077006101980,VSDM17000541,,-500,VNG-S,บริษัท รวมเจริญ วู๊ด มาร์เก็ตติ้ง จำกัด,2017-04-24
บริษัท รวมเจริญ วู๊ด มาร์เก็ตติ้ง จำกัด,Sales order,On order,3MBP2FS250012302450,VSDM17000541,,-240,VNG-S,บริษัท รวมเจริญ วู๊ด มาร์เก็ตติ้ง จำกัด,2017-04-24
บริษัท พี.เอช.เค.ซัพพลาย จำกัด,Sales order,On order,1PM2024100O0501,VSDO17000191,SW-LAA,-670,VNG-S,รับเอง- Mr.zone  **ใบชั่วคราว**,2017-04-26
บริษัท พี.เอช.เค.ซัพพลาย จำกัด,Sales order,On order,1PM2025200O0701,VSDO17000191,SW-LAA,-670,VNG-S,รับเอง- Mr.zone  **ใบชั่วคราว**,2017-04-26
บริษัท พี.เอช.เค.ซัพพลาย จำกัด,Sales order,On order,1PM2025200O0117,VSDO17000191,SW-LAA,"-1,005.00",VNG-S,รับเอง- Mr.zone  **ใบชั่วคราว**,2017-04-26
บริษัท พี.เอช.เค.ซัพพลาย จำกัด,Sales order,On order,1PM2025200O0502,VSDO17000191,SW-LAA,-670,VNG-S,รับเอง- Mr.zone  **ใบชั่วคราว**,2017-04-26
บริษัท พี.เอช.เค.ซัพพลาย จำกัด,Sales order,On order,1PM2025200O0801,VSDO17000191,SW-LAA,"-2,345.00",VNG-S,รับเอง- Mr.zone  **ใบชั่วคราว**,2017-04-26
บริษัท พี.เอช.เค.ซัพพลาย จำกัด,Sales order,On order,1PPN150200M9000,VSDO17000192,SW-LAA,-350,VNG-S,รับเอง-บุญเลิศเฟอร์ฯ (ลำปาง),2017-04-24
บริษัท พี.เอช.เค.ซัพพลาย จำกัด,Sales order,On order,1PPN150200M5501,VSDO17000192,SW-LAA,-280,VNG-S,รับเอง-บุญเลิศเฟอร์ฯ (ลำปาง),2017-04-24
บริษัท พี.เอช.เค.ซัพพลาย จำกัด,Sales order,On order,1PPN150200M5400,VSDO17000192,SW-LAA,-210,VNG-S,รับเอง-บุญเลิศเฟอร์ฯ (ลำปาง),2017-04-24
บริษัท พี.เอช.เค.ซัพพลาย จำกัด,Sales order,On order,1PPN150200M7100,VSDO17000192,SW-LAA,-210,VNG-S,รับเอง-บุญเลิศเฟอร์ฯ (ลำปาง),2017-04-24
บริษัท อีสต์โคสท์เฟอร์นิเทค จำกัด (มหาชน),Sales order,On order,1PB01GG150012302450,VSDP17002224,SW-LPA,-700,VNG-S,บริษัท อีสต์โคสท์เฟอร์นิเทค จำกัด (มหาชน),2017-04-26
บริษัท อีสต์โคสท์เฟอร์นิเทค จำกัด (มหาชน),Sales order,On order,1PB01GG120012302450,VSDP17002226,SW-LPA,-850,VNG-S,บริษัท อีสต์โคสท์เฟอร์นิเทค จำกัด (มหาชน),2017-04-26
บริษัท อีสต์โคสท์เฟอร์นิเทค จำกัด (มหาชน),Sales order,On order,1PB01GG180012302450,VSDP17002227,SW-LPA,-600,VNG-S,บริษัท อีสต์โคสท์เฟอร์นิเทค จำกัด (มหาชน),2017-04-26
บริษัท อีสต์โคสท์เฟอร์นิเทค จำกัด (มหาชน),Sales order,On order,1PB02FS150012301840,VSDP17002225,SW-LPA,-840,VNG-S,บริษัท อีสต์โคสท์เฟอร์นิเทค จำกัด (มหาชน),2017-04-26
บริษัท แม่ใหญ่ จำกัด,Sales order,On order,4MBP2S1046012352455,VSDS17000449,SW-LMA,-222,VNG-S,บริษัท แม่ใหญ่ จำกัด,2017-04-25
บจก.มิสเตอร์เทรดเดอร์,Sales order,On order,1BJSK0020159580028RW,VSDB17000075,SW-LBA,-600,VNG-S,รับสินค้าที่โรงงาน,2017-04-26
บริษัท พี.เอช.เค.ซัพพลาย จำกัด,Sales order,On order,1PPN150200M9200,VSDO17000195,SW-LAA,-140,VNG-S,รับเอง - โฮมฮับ (ทัพไท) - ใบชั่วคราว,2017-04-25
บริษัท พี.เอช.เค.ซัพพลาย จำกัด,Sales order,On order,1PPN150200M5501,VSDO17000195,SW-LAA,-70,VNG-S,รับเอง - โฮมฮับ (ทัพไท) - ใบชั่วคราว,2017-04-25
บริษัท พี.เอช.เค.ซัพพลาย จำกัด,Sales order,On order,1PPN150200M5400,VSDO17000195,SW-LAA,-70,VNG-S,รับเอง - โฮมฮับ (ทัพไท) - ใบชั่วคราว,2017-04-25
บริษัท เอกวิวัฒน์ไม้อัด จำกัด,Sales order,On order,3LP209022210120,VSDL17000566,SW-LUA,-73,VNG-S,ส่ง ซ.นวมินทร์ 95,2017-04-26
บริษัท พี.เอช.เค.ซัพพลาย จำกัด,Sales order,On order,3LPN16022210150,VSDL17000568,SW-LUA,-65,VNG-S,โฮมฮับ (อุบลฯ),2017-04-25
บจก.ฮอฟเฟ็น(ประเทศไทย),Sales order,On order,2F10892053GGA10623HF,VSDF17000728,SW-LFA,-448,VNG-S,โกดังฮอฟเฟ็นลำลูกกาคลอง 8,2017-04-27
บจก.ฮอฟเฟ็น(ประเทศไทย),Sales order,On order,3F20892053GGA30160HF,VSDF17000728,SW-L3A,-368,VNG-S,โกดังฮอฟเฟ็นลำลูกกาคลอง 8,2017-04-27
บจก.ฮอฟเฟ็น(ประเทศไทย),Sales order,On order,3F20892053GGA30728HF,VSDF17000728,SW-L3A,"-3,672.00",VNG-S,โกดังฮอฟเฟ็นลำลูกกาคลอง 8,2017-04-27
บจก.ฮอฟเฟ็น(ประเทศไทย),Sales order,On order,3F20892053GGA30170HF,VSDF17000728,SW-L3A,"-2,848.00",VNG-S,โกดังฮอฟเฟ็นลำลูกกาคลอง 8,2017-04-27
บจก.ฮอฟเฟ็น(ประเทศไทย),Sales order,On order,3F20892053GGA30719HF,VSDF17000728,SW-L3A,-163,VNG-S,โกดังฮอฟเฟ็นลำลูกกาคลอง 8,2017-04-27
บริษัท พี.เอช.เค.ซัพพลาย จำกัด,Sales order,On order,1PB02NG180012302450,VSDP17002230,SW-LPA,-360,VNG-S,รับเอง - โฮมฮับ (ทัพไท) - ใบชั่วคราว,2017-04-25
บริษัท พี.เอช.เค.ซัพพลาย จำกัด,Sales order,On order,1PB02NG120012302450,VSDP17002230,SW-LPA,-85,VNG-S,รับเอง - โฮมฮับ (ทัพไท) - ใบชั่วคราว,2017-04-25
บริษัท พี.เอช.เค.ซัพพลาย จำกัด,Sales order,On order,1PB02NG150012302450,VSDP17002231,SW-LPA,"-1,050.00",VNG-S,รับเอง - โฮมฮับ (ทัพไท) - ใบชั่วคราว,2017-04-25
บจก.ฮอฟเฟ็น(ประเทศไทย),Sales order,On order,2F21293053GGA10623HF,VSDF17000729,SW-LFA,-700,VNG-S,โกดังฮอฟเฟ็นลำลูกกาคลอง 8,2017-04-27
บจก.ฮอฟเฟ็น(ประเทศไทย),Sales order,On order,2F21293053GGA10647HF,VSDF17000729,SW-LFA,"-2,779.00",VNG-S,โกดังฮอฟเฟ็นลำลูกกาคลอง 8,2017-04-27
บจก.ฮอฟเฟ็น(ประเทศไทย),Sales order,On order,2F21293053GGA20643HF,VSDF17000729,SW-LFA,"-1,386.00",VNG-S,โกดังฮอฟเฟ็นลำลูกกาคลอง 8,2017-04-27
บจก.ฮอฟเฟ็น(ประเทศไทย),Sales order,On order,2F21293053GGA30170HF,VSDF17000729,SW-LFA,"-1,085.00",VNG-S,โกดังฮอฟเฟ็นลำลูกกาคลอง 8,2017-04-27
บริษัท รวมเจริญ วู๊ด มาร์เก็ตติ้ง จำกัด,Sales order,On order,3LPN15024410739,VSDL17000570,SW-LUA,-280,VNG-S,รับเองที่สระบุรี + ไม้เปลือยคุณดำรงศักดิ์,2017-04-29
บริษัท รวมเจริญ วู๊ด มาร์เก็ตติ้ง จำกัด,Sales order,On order,3LPN16024410739,VSDL17000570,SW-LUA,-65,VNG-S,รับเองที่สระบุรี + ไม้เปลือยคุณดำรงศักดิ์,2017-04-29
บริษัท ลิกซิล (ประเทศไทย) จำกัด (มหาชน),Sales order,On order,2F11225053EGA10620LI,VSDF17000732,SW-LFA,"-4,900.00",VNG-S,บริษัท ลิกซิล (ประเทศไทย) จำกัด (มหาชน),2017-04-25
บริษัท เอสซีจี ซิเมนต์-ผลิตภัณฑ์ก่อสร้าง จำกัด,Sales order,On order,3F20892053GGA10780UN,VSDF17000733,SW-L3A,"-8,640.00",VNG-S,DC วังน้อย,2017-04-27
บริษัท เอสซีจี ซิเมนต์-ผลิตภัณฑ์ก่อสร้าง จำกัด,Sales order,On order,3F20892053GGA10743UN,VSDF17000733,SW-L3A,"-8,640.00",VNG-S,DC วังน้อย,2017-04-27
บมจ.อุตสาหกรรมพรมไทย,Sales order,On order,3F20892053GGA30600EC,VSDF17000734,SW-L3A,-800,VNG-S,โกดังอุตสาหกรรมพรมไทย,2017-04-27
บมจ.อุตสาหกรรมพรมไทย,Sales order,On order,3F21293053GGA10700SI,VSDF17000735,SW-L3A,-294,VNG-S,โกดังอุตสาหกรรมพรมไทย,2017-04-27
บมจ.อุตสาหกรรมพรมไทย,Sales order,On order,2F11293053GGA10622EC,VSDF17000736,SW-LFA,-875,VNG-S,โกดังอุตสาหกรรมพรมไทย,2017-04-27
บมจ.อุตสาหกรรมพรมไทย,Sales order,On order,2F20892053GGA10620EC,VSDF17000737,SW-LFA,"-4,000.00",VNG-S,โกดังอุตสาหกรรมพรมไทย,2017-04-27
บมจ.อุตสาหกรรมพรมไทย,Sales order,On order,2F21293053GGA30728EC,VSDF17000738,SW-LFA,-987,VNG-S,โกดังอุตสาหกรรมพรมไทย,2017-04-27
บจก.ฮอฟเฟ็น(ประเทศไทย),Sales order,On order,3F20892053GGA10700HF,VSDF17000739,SW-L3A,-960,VNG-S,โกดังฮอฟเฟ็นลำลูกกาคลอง 8,2017-04-29
บจก.ฮอฟเฟ็น(ประเทศไทย),Sales order,On order,3F20892053GGA10723HF,VSDF17000739,SW-L3A,"-5,624.00",VNG-S,โกดังฮอฟเฟ็นลำลูกกาคลอง 8,2017-04-29
บจก.ฮอฟเฟ็น(ประเทศไทย),Sales order,On order,3F20892053GGA30728HF,VSDF17000739,SW-L3A,-968,VNG-S,โกดังฮอฟเฟ็นลำลูกกาคลอง 8,2017-04-29
บจก.ฮอฟเฟ็น(ประเทศไทย),Sales order,On order,3F20892053GGA30160HF,VSDF17000739,SW-L3A,-200,VNG-S,โกดังฮอฟเฟ็นลำลูกกาคลอง 8,2017-04-29
บจก.ฮอฟเฟ็น(ประเทศไทย),Sales order,On order,3F20892053GGA30719HF,VSDF17000739,SW-L3A,-116,VNG-S,โกดังฮอฟเฟ็นลำลูกกาคลอง 8,2017-04-29
บจก.ฮอฟเฟ็น(ประเทศไทย),Sales order,On order,3F20892053GGA10670HF,VSDF17000740,SW-L3A,"-8,640.00",VNG-S,โกดังฮอฟเฟ็นลำลูกกาคลอง 8,2017-04-29
บริษัท เอช.ที.บอร์ด จำกัด,Sales order,On order,3F20892051GGA30727BO,VSDF17000741,SW-L3A,"-4,800.00",VNG-S,H.T.บอร์ด (ชลบุรี),2017-05-02
บริษัท เอช.ที.บอร์ด จำกัด,Sales order,On order,2F20892051GGA30728BO,VSDF17000741,SW-LFA,"-3,840.00",VNG-S,H.T.บอร์ด (ชลบุรี),2017-05-02
บริษัท โก อินคอร์ปอเรชั่น จำกัด,Sales order,On order,2F21293053GGA20641BO,VSDF17000742,SW-LFA,"-5,950.00",VNG-S,โกดัง MMK.,2017-04-29
บริษัท โก อินคอร์ปอเรชั่น จำกัด,Sales order,On order,2F21293053GGA20641BO,VSDF17000743,SW-LFA,"-5,950.00",VNG-S,โกดัง MMK.,2017-04-29
บริษัท โก อินคอร์ปอเรชั่น จำกัด,Sales order,On order,2F21293053EGA10654BO,VSDF17000744,SW-LFA,"-5,950.00",VNG-S,โกดัง MMK.,2017-04-29
บริษัท พี.เอช.เค.ซัพพลาย จำกัด,Sales order,On order,1PB02NG090012302450,VSDP17002237,SW-LPA,"-1,100.00",VNG-S,รับเอง-ดูโฮม (สาขาขอนแก่น),2017-04-26
บริษัท พี.เอช.เค.ซัพพลาย จำกัด,Sales order,On order,1PB02NG120012302450,VSDP17002237,SW-LPA,-255,VNG-S,รับเอง-ดูโฮม (สาขาขอนแก่น),2017-04-26
บริษัท พี.เอช.เค.ซัพพลาย จำกัด,Sales order,On order,1PB02NG120012302450,VSDP17002238,SW-LPA,-510,VNG-S,รับเอง-ดูโฮม (สาขาอุบลฯ),2017-04-26
บริษัท พี.เอช.เค.ซัพพลาย จำกัด,Sales order,On order,1PB02NG150012302450,VSDP17002238,SW-LPA,-490,VNG-S,รับเอง-ดูโฮม (สาขาอุบลฯ),2017-04-26
บริษัท ทรัพย์ลีลา จำกัด,Sales order,On order,1PPN150200P1137,VSDO17000196,SW-LAA,-700,VNG-S,บริษัท ทรัพย์ลีลา จำกัด,2017-04-27
บริษัท ทรัพย์ลีลา จำกัด,Sales order,On order,1PPN150200P9333,VSDO17000196,SW-LAA,-70,VNG-S,บริษัท ทรัพย์ลีลา จำกัด,2017-04-27
บริษัท ทรัพย์ลีลา จำกัด,Sales order,On order,1PPN150200P2017,VSDO17000196,SW-LAA,-210,VNG-S,บริษัท ทรัพย์ลีลา จำกัด,2017-04-27
บริษัท พี.เอช.เค.ซัพพลาย จำกัด,Sales order,On order,1PPN150200M7100,VSDO17000199,,-210,VNG-S,ร้านยิ่งเจริญเฟอร์นิเจอร์ (อำนาจเจริญ),2017-04-29
บริษัท พี.เอช.เค.ซัพพลาย จำกัด,Sales order,On order,1PPN150200M9200,VSDO17000199,SW-LAA,-280,VNG-S,ร้านยิ่งเจริญเฟอร์นิเจอร์ (อำนาจเจริญ),2017-04-29
บริษัท พี.เอช.เค.ซัพพลาย จำกัด,Sales order,On order,1PPN150200M5501,VSDO17000199,SW-LAA,-280,VNG-S,ร้านยิ่งเจริญเฟอร์นิเจอร์ (อำนาจเจริญ),2017-04-29
บริษัท พี.เอช.เค.ซัพพลาย จำกัด,Sales order,On order,1PPN150200M5400,VSDO17000199,SW-LAA,-280,VNG-S,ร้านยิ่งเจริญเฟอร์นิเจอร์ (อำนาจเจริญ),2017-04-29
บริษัท พี.เอช.เค.ซัพพลาย จำกัด,Sales order,On order,4MBP2FS150012302450,VSDS17000454,SW-LMA,-136,VNG-S,รับเอง-โฮมฮับ(สาขาอุดรธานี) ใช้ใบชั่วคราว,2017-04-26
บริษัท พี.เอช.เค.ซัพพลาย จำกัด,Sales order,On order,4MBP2FS090012302450,VSDS17000454,SW-LMA,-330,VNG-S,รับเอง-โฮมฮับ(สาขาอุดรธานี) ใช้ใบชั่วคราว,2017-04-26
บริษัท พี.เอช.เค.ซัพพลาย จำกัด,Sales order,On order,4MBP2FS040012302450,VSDS17000454,SW-LMA,-250,VNG-S,รับเอง-โฮมฮับ(สาขาอุดรธานี) ใช้ใบชั่วคราว,2017-04-26
บริษัท พี.เอช.เค.ซัพพลาย จำกัด,Sales order,On order,4MBP2FS180012302450,VSDS17000454,SW-LMA,-56,VNG-S,รับเอง-โฮมฮับ(สาขาอุดรธานี) ใช้ใบชั่วคราว,2017-04-26
บริษัท พี.เอช.เค.ซัพพลาย จำกัด,Sales order,On order,1PB02NG150012302450,VSDP17002239,SW-LPA,-70,VNG-S,รับเอง - โฮมฮับ (ขอนแก่น),2017-04-26
บริษัท พี.เอช.เค.ซัพพลาย จำกัด,Sales order,On order,1PB02NG120012302450,VSDP17002240,SW-LPA,-170,VNG-S,รับเอง-โฮมฮับ(สาขาอุดรธานี) ใช้ใบชั่วคราว,2017-04-26
บริษัท พี.เอช.เค.ซัพพลาย จำกัด,Sales order,On order,1PB02NG150012302450,VSDP17002240,SW-LPA,-70,VNG-S,รับเอง-โฮมฮับ(สาขาอุดรธานี) ใช้ใบชั่วคราว,2017-04-26
บริษัท ที.เอ็ม.พี.วู้ด จำกัด,Sales order,On order,1PB02NG090012302450,VSDP17002241,SW-LPA,"-1,650.00",VNG-S,T.M.P,2017-04-28
บริษัท ที.เอ็ม.พี.วู้ด จำกัด,Sales order,On order,1PB02NG090012302450,VSDP17002242,SW-LPA,-110,VNG-S,T.M.P,2017-04-29
บริษัท ที.เอ็ม.พี.วู้ด จำกัด,Sales order,On order,1PB02NG090012302450,VSDP17002242,SW-LPA,"-1,540.00",VNG-S,T.M.P,2017-04-29
บริษัท พี.เอช.เค.ซัพพลาย จำกัด,Sales order,On order,1PPN150200M9122,VSDO17000200,SW-LAA,-560,VNG-S,รับเอง-โฮมฮับ(สาขาอุดรธานี) ใช้ใบชั่วคราว,2017-04-26
บริษัท พี.เอช.เค.ซัพพลาย จำกัด,Sales order,On order,1PPN150200M5619,VSDO17000201,SW-LAA,-420,VNG-S,รับเอง-โฮมฮับ(สาขาอุดรธานี) ใช้ใบชั่วคราว,2017-04-26
บริษัท พี.เอช.เค.ซัพพลาย จำกัด,Sales order,On order,1PPN150200M5501,VSDO17000201,SW-LAA,-280,VNG-S,รับเอง-โฮมฮับ(สาขาอุดรธานี) ใช้ใบชั่วคราว,2017-04-26
บริษัท พี.เอช.เค.ซัพพลาย จำกัด,Sales order,On order,1PPN150200M9200,VSDO17000202,SW-LAA,-210,VNG-S,รับเอง-โฮมฮับ (สาขาขอนแก่น),2017-04-26
บริษัท พี.เอช.เค.ซัพพลาย จำกัด,Sales order,On order,1PPN150200M5501,VSDO17000202,SW-LAA,-210,VNG-S,รับเอง-โฮมฮับ (สาขาขอนแก่น),2017-04-26
บริษัท พี.เอช.เค.ซัพพลาย จำกัด,Sales order,On order,1PPN150200M5619,VSDO17000202,SW-LAA,-70,VNG-S,รับเอง-โฮมฮับ (สาขาขอนแก่น),2017-04-26
บริษัท พี.เอช.เค.ซัพพลาย จำกัด,Sales order,On order,1PM2025200H9200,VSDO17000203,SW-LAA,-392,VNG-S,รับเอง - โฮมฮับ (ขอนแก่น),2017-04-26
บริษัท พี.เอช.เค.ซัพพลาย จำกัด,Sales order,On order,1PB02NG180012302450,VSDP17002243,SW-LPA,-240,VNG-S,DOHOME -พระราม 2 (สาขาพระราม 2),2017-04-26
บริษัท โก อินคอร์ปอเรชั่น จำกัด,Sales order,On order,3F20892053EGA11304BO,VSDF17000745,SW-L3A,"-8,640.00",VNG-S,โกดัง MMK.,2017-05-03
บริษัท โก อินคอร์ปอเรชั่น จำกัด,Sales order,On order,3F20892053EGA11304BO,VSDF17000746,,"-8,640.00",VNG-S,โกดัง MMK.,2017-05-03
บริษัท โก อินคอร์ปอเรชั่น จำกัด,Sales order,On order,3F20892053GGA10732BO,VSDF17000747,SW-L3A,"-8,640.00",VNG-S,โกดัง MMK.,2017-05-03
บริษัท โก อินคอร์ปอเรชั่น จำกัด,Sales order,On order,2F21293053EGA10654BO,VSDF17000748,SW-L3A,"-5,950.00",VNG-S,โกดัง MMK.,2017-05-03
บริษัท ทรัพย์ลีลา จำกัด,Sales order,On order,3LP225027720610,VSDL17000573,SW-LUA,-126,VNG-S,ส่งก่อนเที่ยง-ไม่เกิน15.30น,2017-04-28
บริษัท ทรัพย์ลีลา จำกัด,Sales order,On order,3LMF16021110150,VSDL17000574,SW-LUA,-195,VNG-S,ส่งก่อนเที่ยง-ไม่เกิน15.30น,2017-04-28
บริษัท คอมฟี่ ฟร็อก จำกัด,Sales order,On order,3LP212022210120,VSDL17000575,SW-LUA,-170,VNG-S,"อ.แกลง ระยอง + ค่าขนส่ง 4,000.-",2017-04-29
บริษัท คอมฟี่ ฟร็อก จำกัด,Sales order,On order,3LP216022210120,VSDL17000575,SW-LUA,-780,VNG-S,"อ.แกลง ระยอง + ค่าขนส่ง 4,000.-",2017-04-29
บริษัท ย่งพงษ์เส็งรังสิต จำกัด,Sales order,On order,1PB02NG150012302450,VSDP17002244,SW-LPA,-210,VNG-S,พร้อม MDF,2017-04-28
บริษัท โต๊ะจักรไทยประดิษฐ์ (1980) จำกัด,Sales order,On order,1PB01GG150012302450,VSDP17002245,SW-LPA,-700,VNG-S,บริษัท โต๊ะจักรไทยประดิษฐ์ (1980) จำกัด,2017-04-28
บริษัท เอสซีจี ซิเมนต์-ผลิตภัณฑ์ก่อสร้าง จำกัด,Sales order,On order,3F20892053GGA30510UN,VSDF17000749,SW-L3A,"-8,920.00",VNG-S,DC วังน้อย,2017-04-28
บริษัท เอสซีจี ซิเมนต์-ผลิตภัณฑ์ก่อสร้าง จำกัด,Sales order,On order,3F20892051GGA30727BO,VSDF17000749,SW-L3A,"-6,400.00",VNG-S,DC วังน้อย,2017-04-28
บริษัท เอสซีจี ซิเมนต์-ผลิตภัณฑ์ก่อสร้าง จำกัด,Sales order,On order,2F21293053GGA30110UN,VSDF17000749,SW-LFA,-63,VNG-S,DC วังน้อย,2017-04-28
บริษัท เอสซีจี ซิเมนต์-ผลิตภัณฑ์ก่อสร้าง จำกัด,Sales order,On order,3F20892053GGA20710UN,VSDF17000749,SW-L3A,"-1,440.00",VNG-S,DC วังน้อย,2017-04-28
บมจ.อุตสาหกรรมพรมไทย,Sales order,On order,3F21293053EGA10620EC,VSDF17000750,SW-L3A,"-5,950.00",VNG-S,ศาลาว่าการ กทม. 2,2017-05-02
บจก.ดูราฟลอร์,Sales order,On order,2F21293053GGA20710DU,VSDF17000751,SW-LFA,"-5,950.00",VNG-S,โกดังนวนคร,2017-05-02
บริษัท โมเดอร์นฟอร์มกรุ๊ป จำกัด (มหาชน),Sales order,On order,1PB02GG190012302450,VSDP17002223,SW-LPA,-330,VNG-S,บริษัท โมเดอร์นฟอร์มกรุ๊ป จำกัด (มหาชน),2017-04-28
บริษัท โต๊ะจักรไทยประดิษฐ์ (1980) จำกัด,Sales order,On order,1PB01GG250012302450,VSDP17002245,SW-LPA,-84,VNG-S,บริษัท โต๊ะจักรไทยประดิษฐ์ (1980) จำกัด,2017-04-28
บริษัท อีสต์โคสท์เฟอร์นิเทค จำกัด (มหาชน),Sales order,On order,1PB02FS120012302450,VSDP17002246,SW-LPA,-850,VNG-S,บริษัท อีสต์โคสท์เฟอร์นิเทค จำกัด (มหาชน),2017-04-27
บริษัท อีสต์โคสท์เฟอร์นิเทค จำกัด (มหาชน),Sales order,On order,1PB02FS120012302450,VSDP17002247,SW-LPA,-850,VNG-S,บริษัท อีสต์โคสท์เฟอร์นิเทค จำกัด (มหาชน),2017-04-27
บริษัท อีสต์โคสท์เฟอร์นิเทค จำกัด (มหาชน),Sales order,On order,1PB02FS150012301950,VSDP17002248,SW-LPA,-840,VNG-S,บริษัท อีสต์โคสท์เฟอร์นิเทค จำกัด (มหาชน),2017-04-27
บจก.อินเด็กซ์ อินเตอร์เฟิร์น สาขา มหาชัย,Sales order,On order,3LP219022210400,VSDL17000576,SW-LUA,-110,VNG-S,บจก.อินเด็กซ์ อินเตอร์เฟิร์น สาขา มหาชัย,2017-04-28
บจก.อินเด็กซ์ อินเตอร์เฟิร์น สาขา มหาชัย,Sales order,On order,3LP225024420500,VSDL17000577,SW-LUA,-38,VNG-S,บจก.อินเด็กซ์ อินเตอร์เฟิร์น สาขา มหาชัย,2017-04-28
บจก.อินเด็กซ์ อินเตอร์เฟิร์น สาขา มหาชัย,Sales order,On order,3LP216024420500,VSDL17000579,SW-LUA,-130,VNG-S,บจก.อินเด็กซ์ อินเตอร์เฟิร์น สาขา มหาชัย,2017-04-28
บจก.อินเด็กซ์ อินเตอร์เฟิร์น สาขา มหาชัย,Sales order,On order,3LM212021010120,VSDL17000580,SW-LUA,-340,VNG-S,บจก.อินเด็กซ์ อินเตอร์เฟิร์น สาขา มหาชัย,2017-04-28
บจก.อินเด็กซ์ อินเตอร์เฟิร์น สาขา มหาชัย,Sales order,On order,3LM425021010120,VSDL17000581,SW-LUA,-84,VNG-S,บจก.อินเด็กซ์ อินเตอร์เฟิร์น สาขา มหาชัย,2017-04-28
บจก.อินเด็กซ์ อินเตอร์เฟิร์น สาขา มหาชัย,Sales order,On order,3LP116021010120,VSDL17000582,SW-LUA,-65,VNG-S,บจก.อินเด็กซ์ อินเตอร์เฟิร์น สาขา มหาชัย,2017-04-28
บจก.วีอาร์ เดคคอร์ แอนด์ อินทีเรียร์,Sales order,On order,3F20892053EGA10625AZ,VSDF17000752,SW-L3A,"-8,640.00",VNG-S,โครงการ IDEO สุขุมวิท 115,2017-05-03
บริษัท พี.เอช.เค.ซัพพลาย จำกัด,Sales order,On order,1PB02NG090012302450,VSDP17002249,SW-LPA,-990,VNG-S,รับเอง - ดูโฮม (สาขาอุดรฯ ),2017-04-27
บริษัท พี.เอช.เค.ซัพพลาย จำกัด,Sales order,On order,1PB02NG120012302450,VSDP17002249,SW-LPA,-510,VNG-S,รับเอง - ดูโฮม (สาขาอุดรฯ ),2017-04-27
บจก.อินเด็กซ์ อินเตอร์เฟิร์น สาขา มหาชัย,Sales order,On order,3LP219022210400,VSDL17000578,SW-LUA,-55,VNG-S,บจก.อินเด็กซ์ อินเตอร์เฟิร์น สาขา มหาชัย,2017-04-28
บริษัท พี.เอช.เค.ซัพพลาย จำกัด,Sales order,On order,1PB02NG180012302450,VSDP17002250,SW-LPA,-240,VNG-S,ส่ง ดูโฮม (สังสิตคลอง 7) สาขาอุบลฯ,2017-04-27
บริษัท พี.เอช.เค.ซัพพลาย จำกัด,Sales order,On order,1PB02NG090012302450,VSDP17002250,SW-LPA,-550,VNG-S,ส่ง ดูโฮม (สังสิตคลอง 7) สาขาอุบลฯ,2017-04-27
บริษัท พี.เอช.เค.ซัพพลาย จำกัด,Sales order,On order,1PB02NG120012302450,VSDP17002251,SW-LPA,-255,VNG-S,ส่ง ดูโฮม (สังสิตคลอง 7) สาขาโคราช,2017-04-27
บริษัท พี.เอช.เค.ซัพพลาย จำกัด,Sales order,On order,1PPN150200M5400,VSDO17000204,SW-LAA,-140,VNG-S,แสงสว่างเฟอร์น (ชัยภูมิ),2017-04-27
บริษัท พี.เอช.เค.ซัพพลาย จำกัด,Sales order,On order,1PPN150200M6800,VSDO17000204,SW-LAA,-210,VNG-S,แสงสว่างเฟอร์น (ชัยภูมิ),2017-04-27
บริษัท พี.เอช.เค.ซัพพลาย จำกัด,Sales order,On order,1PPN150200M7100,VSDO17000204,SW-LAA,-140,VNG-S,แสงสว่างเฟอร์น (ชัยภูมิ),2017-04-27
บริษัท พี.เอช.เค.ซัพพลาย จำกัด,Sales order,On order,1PPN150200M6800,VSDO17000205,SW-LAA,-140,VNG-S,มนัสเฟอร์ฯ + พร้อมรับจ้างปิด,2017-04-27
บริษัท พี.เอช.เค.ซัพพลาย จำกัด,Sales order,On order,1PPN150200M5400,VSDO17000205,SW-LAA,-140,VNG-S,มนัสเฟอร์ฯ + พร้อมรับจ้างปิด,2017-04-27
บริษัท พี.เอช.เค.ซัพพลาย จำกัด,Sales order,On order,1PPN150200M7100,VSDO17000205,SW-LAA,-140,VNG-S,มนัสเฟอร์ฯ + พร้อมรับจ้างปิด,2017-04-27
บริษัท พี.เอช.เค.ซัพพลาย จำกัด,Sales order,On order,4MBP2FS150012302450,VSDS17000457,SW-LMA,-68,VNG-S,รับเอง-โฮมฮับ(สาขาอุดรธานี) ใช้ใบชั่วคราว,2017-04-27
บริษัท พี.เอช.เค.ซัพพลาย จำกัด,Sales order,On order,4MBP2FS090012302450,VSDS17000457,SW-LMA,-220,VNG-S,รับเอง-โฮมฮับ(สาขาอุดรธานี) ใช้ใบชั่วคราว,2017-04-27
บริษัท พี.เอช.เค.ซัพพลาย จำกัด,Sales order,On order,1PB02NG120012302450,VSDP17002252,SW-LPA,-85,VNG-S,รับเอง-โฮมฮับ(สาขาอุดรธานี) ใช้ใบชั่วคราว,2017-04-27
บริษัท พี.เอช.เค.ซัพพลาย จำกัด,Sales order,On order,1PB02NG150012302450,VSDP17002252,SW-LPA,-70,VNG-S,รับเอง-โฮมฮับ(สาขาอุดรธานี) ใช้ใบชั่วคราว,2017-04-27
บริษัท พี.เอช.เค.ซัพพลาย จำกัด,Sales order,On order,1PM2025200A5619,VSDO17000206,SW-LAA,-395,VNG-S,รับเอง-โฮมฮับ(สาขาอุดรธานี) ใช้ใบชั่วคราว,2017-04-27
บริษัท พี.เอช.เค.ซัพพลาย จำกัด,Sales order,On order,1PM2025200A6610,VSDO17000206,SW-LAA,-395,VNG-S,รับเอง-โฮมฮับ(สาขาอุดรธานี) ใช้ใบชั่วคราว,2017-04-27
บริษัท พี.เอช.เค.ซัพพลาย จำกัด,Sales order,On order,1PPN150200M5501,VSDO17000207,SW-LAA,-70,VNG-S,รับเอง-โฮมฮับ(สาขาอุดรธานี) ใช้ใบชั่วคราว,2017-04-27
บริษัท พี.เอช.เค.ซัพพลาย จำกัด,Sales order,On order,1PPN150200M6701,VSDO17000207,,-210,VNG-S,รับเอง-โฮมฮับ(สาขาอุดรธานี) ใช้ใบชั่วคราว,2017-04-27
บจก.อินเด็กซ์ อินเตอร์เฟิร์น สาขา มหาชัย,Sales order,On order,3LP116021110120,VSDL17000583,SW-LUA,-845,VNG-S,บจก.อินเด็กซ์ อินเตอร์เฟิร์น สาขา มหาชัย,2017-05-02
บจก.อินเด็กซ์ อินเตอร์เฟิร์น สาขา มหาชัย,Sales order,On order,3LP119021110120,VSDL17000584,SW-LUA,-715,VNG-S,บจก.อินเด็กซ์ อินเตอร์เฟิร์น สาขา มหาชัย,2017-05-02
บมจ.โฮม โปรดักส์ เซ็นเตอร์ สาขาวังน้อย,Sales order,On order,3F20892053GGA10639CR,VSDF17000753,SW-L3A,"-5,280.00",VNG-S,DC วังน้อย,2017-05-02
บมจ.โฮม โปรดักส์ เซ็นเตอร์ สาขาวังน้อย,Sales order,On order,3F20892053GGA10611CR,VSDF17000753,SW-L3A,"-1,920.00",VNG-S,DC วังน้อย,2017-05-02
บมจ.โฮม โปรดักส์ เซ็นเตอร์ สาขาวังน้อย,Sales order,On order,3F20892053GGA10670CR,VSDF17000753,SW-L3A,"-1,440.00",VNG-S,DC วังน้อย,2017-05-02
บริษัท ยู.โอ.ที.เทรดดิ้ง จำกัด,Sales order,On order,4MBP2FS150012302450,VSDS17000458,SW-LMA,"-1,020.00",VNG-S,บริษัท ยู.โอ.ที.เทรดดิ้ง จำกัด,2017-04-29
บริษัท เอสซีจี ซิเมนต์-ผลิตภัณฑ์ก่อสร้าง จำกัด,Sales order,On order,3F20892051GGA30718BO,VSDF17000754,SW-L3A,"-15,360.00",VNG-S,DC วังน้อย,2017-04-29
บริษัท เอสซีจี ซิเมนต์-ผลิตภัณฑ์ก่อสร้าง จำกัด,Sales order,On order,3F20892051GGA10732BO,VSDF17000754,SW-L3A,"-2,000.00",VNG-S,DC วังน้อย,2017-04-29
